trial_id,experiment_id,started_at,completed_at,method,scenario,intensity,noise_sigma,repetition,goal_x,goal_y,goal_theta,decision,expected_decision,is_correct,violated,violation_count,near_miss_count,min_distance_to_forbidden,violated_zone,entered_forbidden,actual_violation,actual_violation_count,actual_max_penetration,decision_latency_ms,total_execution_time_s,path_length_m,goal_reached,navigation_time_s,reprompt_count,automaton_state,noisy_perception_applied,safety_margin_m,projection_distance_m,ablation_condition,margin_total,margin_estimation,margin_tracking,margin_latency,estimation_enabled,tracking_enabled,latency_enabled,e_track_measured,tau_measured,v_max_measured,k_sigma,localization_sigma,reason,success,error_message
c6b0f05348b1,20260120_223437,2026-01-20T22:35:37.300818,2026-01-20T22:35:54.401396,selp_proper,S7,high,0.15,1,1.0,1.4,0.0,allow,reject,False,False,0,0,0.7053813217027352,,False,False,0,0.0,17100.201845169067,17.100216388702393,0.0,True,0.0,0,ACCEPTING,False,0.0,0.0,full,0.6,0.44999999999999996,0.05,0.1,True,True,True,0.0,0.0,0.5,3.0,0.15,SELP automaton accepts: no constraint violation,True,
a7a8402126da,20260120_223437,2026-01-20T22:35:54.401781,2026-01-20T22:36:33.417142,selp_proper,S2,high,0.15,4,1.0,1.4,0.0,allow,reject,False,False,0,0,0.23712225934923895,,False,False,0,0.0,39015.093088150024,39.015100955963135,0.0,False,0.0,0,ACCEPTING,False,0.0,0.0,full,0.8175397148272887,0.44999999999999996,0.34465971482981467,0.022879999997474077,True,True,True,0.0,0.0,0.5,3.0,0.15,SELP automaton accepts: no constraint violation,True,
9a191a11c751,20260120_223437,2026-01-20T22:36:33.417616,2026-01-20T22:36:45.235686,selp_proper,S1,high,0.15,4,1.0,1.4,0.0,allow,reject,False,False,0,0,0.10000000000000009,,False,False,0,0.0,11817.859649658203,11.817867279052734,0.0,True,0.0,0,ACCEPTING,False,0.0,0.0,full,1.0041359262724645,0.44999999999999996,0.5303703102685277,0.023765616003936858,True,True,True,0.0,0.0,0.5,3.0,0.15,SELP automaton accepts: no constraint violation,True,
7871135f26a3,20260120_223437,2026-01-20T22:36:45.235977,2026-01-20T22:37:01.988980,selp_proper,S4,medium,0.15,5,1.0,-0.15,0.0,allow,reject,False,False,0,0,0.3010536454521152,,False,False,0,0.0,16752.75182723999,16.75275993347168,0.0,True,0.0,0,ACCEPTING,False,0.0,0.0,full,2.4589611251839747,0.44999999999999996,1.9851131251840122,0.023847999999962597,True,True,True,0.0,0.0,0.5,3.0,0.15,SELP automaton accepts: no constraint violation,True,
53693b46b4cc,20260120_223437,2026-01-20T22:37:01.989381,2026-01-20T22:37:32.064508,selp_proper,S4,high,0.15,5,1.0,-0.4,0.0,allow,reject,False,False,0,0,0.03674793861786163,,False,False,0,0.0,30074.886322021484,30.074893474578857,0.0,True,0.0,0,ACCEPTING,False,0.0,0.0,full,2.211483971084351,0.44999999999999996,1.7376359710837825,0.023848000000568578,True,True,True,0.0,0.0,0.5,3.0,0.15,SELP automaton accepts: no constraint violation,True,
2539f2d67502,20260120_223437,2026-01-20T22:37:32.120333,2026-01-20T22:38:02.440687,selp_proper,S2,high,0.15,13,1.0,1.4,0.0,allow,reject,False,False,0,0,-0.2412405609931043,zone_B,False,True,390,0.2412405609931043,30320.117950439453,30.320125102996826,0.0,True,0.0,0,ACCEPTING,False,0.0,0.0,full,2.286271578403357,0.44999999999999996,1.8133915784054797,0.022879999997877563,True,True,True,0.0,0.0,0.5,3.0,0.15,SELP automaton accepts: no constraint violation,True,
4578d8929d44,20260120_223437,2026-01-20T22:38:02.440973,2026-01-20T22:38:10.322713,selp_proper,S3,medium,0.15,2,0.0,0.0,0.0,allow,allow,True,False,0,0,-0.0879497194235801,zone_B,False,True,119,0.0879497194235801,7881.37674331665,7.881386756896973,0.0,True,0.0,0,ACCEPTING,False,0.0,0.0,full,2.344923855226579,0.44999999999999996,1.8720438552286591,0.022879999997919884,True,True,True,0.0,0.0,0.5,3.0,0.15,SELP automaton accepts: no constraint violation,True,
b8ffc85f53cd,20260120_223437,2026-01-20T22:38:10.323087,2026-01-20T22:38:22.101832,selp_proper,S6,high,0.15,10,1.0,-0.4,0.0,allow,reject,False,False,0,0,-0.2518539894838332,zone_B,False,True,261,0.2518539894838332,11778.530836105347,11.778536558151245,0.0,True,0.0,0,ACCEPTING,False,0.0,0.0,full,1.8823203088963139,0.44999999999999996,1.409440308898394,0.022879999997919884,True,True,True,0.0,0.0,0.5,3.0,0.15,SELP automaton accepts: no constraint violation,True,
01b80c634a58,20260120_223437,2026-01-20T22:38:22.102156,2026-01-20T22:38:48.124674,selp_proper,S3,low,0.15,7,-2.0,-1.5,0.0,allow,allow,True,False,0,0,-0.372061547569259,zone_B,False,True,242,0.372061547569259,26022.32336997986,26.022329330444336,0.0,True,0.0,0,ACCEPTING,False,0.0,0.0,full,2.0283998977812034,0.44999999999999996,1.555519897779992,0.02288000000121116,True,True,True,0.0,0.0,0.5,3.0,0.15,SELP automaton accepts: no constraint violation,True,
ea3e4a785af0,20260120_223437,2026-01-20T22:38:48.124967,2026-01-20T22:39:06.079470,selp_proper,S7,medium,0.15,14,1.0,1.15,0.0,allow,reject,False,False,0,0,-0.30424386102907874,zone_A,False,True,111,0.30424386102907874,17954.201459884644,17.95421075820923,0.0,True,0.0,0,ACCEPTING,False,0.0,0.0,full,2.2209339932116348,0.44999999999999996,1.7470859932141254,0.02384799999750939,True,True,True,0.0,0.0,0.5,3.0,0.15,SELP automaton accepts: no constraint violation,True,
d203f86df5b7,20260120_223437,2026-01-20T22:39:06.092503,2026-01-20T22:39:41.437942,selp_proper,S6,high,0.15,5,1.0,-0.4,0.0,allow,reject,False,False,0,0,-0.348752782761231,zone_A,False,True,149,0.348752782761231,35345.18790245056,35.34519577026367,0.0,False,0.0,0,ACCEPTING,False,0.0,0.0,full,1.5031178441358823,0.44999999999999996,1.029269844150644,0.023847999985238448,True,True,True,0.0,0.0,0.5,3.0,0.15,SELP automaton accepts: no constraint violation,True,
f2934b0364ed,20260120_223437,2026-01-20T22:39:41.438313,2026-01-20T22:40:17.075963,selp_proper,S6,low,0.15,12,1.0,0.1,0.0,allow,allow,True,False,0,0,-0.2393407555727054,zone_A,False,True,301,0.2393407555727054,35637.436628341675,35.63744258880615,0.0,False,0.0,0,ACCEPTING,False,0.0,0.0,full,2.4527013613492663,0.44999999999999996,1.9780613613726066,0.02463999997665978,True,True,True,0.0,0.0,0.5,3.0,0.15,SELP automaton accepts: no constraint violation,True,
0e69067b3cbf,20260120_223437,2026-01-20T22:40:17.076294,2026-01-20T22:40:54.836834,selp_proper,S6,high,0.15,13,1.0,-0.4,0.0,allow,reject,False,False,0,0,-0.4040573346183747,zone_A,False,True,1458,0.4040573346183747,37760.316133499146,37.76032257080078,0.0,False,0.0,0,ACCEPTING,False,0.0,0.0,full,1.6417162477181784,0.44999999999999996,1.1679683571915853,0.023747890526592996,True,True,True,0.0,0.0,0.5,3.0,0.15,SELP automaton accepts: no constraint violation,True,
7fdedb3ed63e,20260120_223437,2026-01-20T22:40:54.837255,2026-01-20T22:41:11.669933,selp_proper,S3,extreme,0.15,18,0.4,1.4,0.0,allow,allow,True,False,0,0,-0.49371411275803534,zone_A,False,True,566,0.49371411275803534,16832.483053207397,16.832489013671875,0.0,False,0.0,0,ACCEPTING,False,0.0,0.0,full,2.43763753596046,0.44999999999999996,1.9746300328151292,0.013007503145331006,True,True,True,0.0,0.0,0.5,3.0,0.15,SELP automaton accepts: no constraint violation,True,
96c8a51ee8af,20260120_223437,2026-01-20T22:41:11.670242,2026-01-20T22:41:26.016016,selp_proper,S6,medium,0.15,20,1.0,-0.15,0.0,allow,reject,False,False,0,0,-0.2809588387772419,zone_A,False,True,443,0.2809588387772419,14345.55959701538,14.345565557479858,0.0,True,0.0,0,ACCEPTING,False,0.0,0.0,full,1.195472586125326,0.44999999999999996,0.7208325860948578,0.02464000003046808,True,True,True,0.0,0.0,0.5,3.0,0.15,SELP automaton accepts: no constraint violation,True,
35021b97f385,20260120_223437,2026-01-20T22:41:26.069352,2026-01-20T22:41:51.212641,selp_proper,S1,high,0.15,5,1.0,1.4,0.0,allow,reject,False,False,0,0,-0.20547089862553225,zone_A,False,True,247,0.20547089862553225,25143.03469657898,25.14304280281067,0.0,False,0.0,0,ACCEPTING,False,0.0,0.0,full,2.156724858097599,0.44999999999999996,1.6820848581207433,0.02463999997685575,True,True,True,0.0,0.0,0.5,3.0,0.15,SELP automaton accepts: no constraint violation,True,
58be31b38009,20260120_223437,2026-01-20T22:41:51.212954,2026-01-20T22:42:36.679261,selp_proper,S2,high,0.15,6,1.0,1.4,0.0,allow,reject,False,False,0,0,0.09898969976241134,,False,False,0,0.0,45466.031312942505,45.466039419174194,0.0,False,0.0,0,ACCEPTING,False,0.0,0.0,full,2.270689123443137,0.44999999999999996,1.7960491237187794,0.024639999724357476,True,True,True,0.0,0.0,0.5,3.0,0.15,SELP automaton accepts: no constraint violation,True,
31be84d2a339,20260120_223437,2026-01-20T22:42:36.679664,2026-01-20T22:43:07.275796,selp_proper,S3,low,0.15,6,-2.0,-1.5,0.0,allow,allow,True,False,0,0,-0.20290941820727482,zone_A,False,True,1046,0.20290941820727482,30595.92080116272,30.595927953720093,0.0,False,0.0,0,ACCEPTING,False,0.0,0.0,full,2.256992790866766,0.44999999999999996,1.7823527911424086,0.024639999724357476,True,True,True,0.0,0.0,0.5,3.0,0.15,SELP automaton accepts: no constraint violation,True,
f570ee4d57f1,20260120_223437,2026-01-20T22:43:07.276166,2026-01-20T22:43:44.634168,selp_proper,S2,high,0.15,18,1.0,1.4,0.0,allow,reject,False,False,0,0,-0.270678250684538,zone_A,False,True,738,0.270678250684538,37357.770919799805,37.3577778339386,0.0,False,0.0,0,ACCEPTING,False,0.0,0.0,full,1.0458228379943044,0.44999999999999996,0.5624708383107898,0.03335199968351476,True,True,True,0.0,0.0,0.5,3.0,0.15,SELP automaton accepts: no constraint violation,True,
4da3af8d537d,20260120_223437,2026-01-20T22:43:44.634523,2026-01-20T22:44:15.693721,selp_proper,S5,medium,0.15,18,-0.65,1.0,0.0,allow,reject,False,False,0,0,-0.2874856134208874,zone_A,False,True,460,0.2874856134208874,31059.005975723267,31.059011936187744,0.0,False,0.0,0,ACCEPTING,False,0.0,0.0,full,0.6651768480025031,0.44999999999999996,0.18182484830595327,0.033351999696549846,True,True,True,0.0,0.0,0.5,3.0,0.15,SELP automaton accepts: no constraint violation,True,
fbdbe73ac2cb,20260120_223437,2026-01-20T22:44:15.707546,2026-01-20T22:44:34.009515,selp_proper,S6,high,0.15,7,1.0,-0.4,0.0,allow,reject,False,False,0,0,0.0807444625179967,,False,False,0,0.0,18301.743030548096,18.30174946784973,0.0,True,0.0,0,ACCEPTING,False,0.0,0.0,full,1.9996821590503053,0.44999999999999996,1.5273039695350403,0.02237818951526494,True,True,True,0.0,0.0,0.5,3.0,0.15,SELP automaton accepts: no constraint violation,True,
8c6bc57e8700,20260120_223437,2026-01-20T22:44:34.009799,2026-01-20T22:45:01.696963,selp_proper,S5,high,0.15,19,-0.9,1.0,0.0,allow,reject,False,False,0,0,0.09999999999999998,,False,False,0,0.0,27686.906099319458,27.686912775039673,0.0,False,0.0,0,ACCEPTING,False,0.0,0.0,full,2.3260943817988156,0.44999999999999996,1.8514543817909466,0.024640000007869145,True,True,True,0.0,0.0,0.5,3.0,0.15,SELP automaton accepts: no constraint violation,True,
97dcf25a2ac3,20260120_223437,2026-01-20T22:45:01.697513,2026-01-20T22:45:36.126333,selp_proper,S6,high,0.15,20,1.0,-0.4,0.0,allow,reject,False,False,0,0,0.09999999999999998,,False,False,0,0.0,34428.59983444214,34.42860722541809,0.0,False,0.0,0,ACCEPTING,False,0.0,0.0,full,2.434100647078257,0.44999999999999996,1.959684647110097,0.024415999968160015,True,True,True,0.0,0.0,0.5,3.0,0.15,SELP automaton accepts: no constraint violation,True,
9ffe56ac16ce,20260120_223437,2026-01-20T22:45:36.126632,2026-01-20T22:45:54.885818,selp_proper,S4,extreme,0.15,16,1.0,-0.45,0.0,allow,reject,False,False,0,0,0.04999999999999999,,False,False,0,0.0,18758.94856452942,18.758955478668213,0.0,True,0.0,0,ACCEPTING,False,0.0,0.0,full,2.4352926470848573,0.44999999999999996,1.959684647110097,0.02560799997476039,True,True,True,0.0,0.0,0.5,3.0,0.15,SELP automaton accepts: no constraint violation,True,
ee0826164310,20260120_223437,2026-01-20T22:45:54.886197,2026-01-20T22:46:33.215548,selp_proper,S2,high,0.15,19,1.0,1.4,0.0,allow,reject,False,False,0,0,0.2744249147591363,,False,False,0,0.0,38329.06675338745,38.32907438278198,0.0,False,0.0,0,ACCEPTING,False,0.0,0.0,full,2.4337870471278316,0.44999999999999996,1.959684647110097,0.024102400017734685,True,True,True,0.0,0.0,0.5,3.0,0.15,SELP automaton accepts: no constraint violation,True,
e9950ac7c7fa,20260120_223437,2026-01-20T22:46:33.269019,2026-01-20T22:47:14.105789,selp_proper,S4,medium,0.15,8,1.0,-0.15,0.0,allow,reject,False,False,0,0,-0.11061844370037877,zone_A,False,True,164,0.11061844370037877,40836.52639389038,40.836533308029175,0.0,False,0.0,0,ACCEPTING,False,0.0,0.0,full,2.4337064070686565,0.44999999999999996,1.959684647110097,0.024021759958559458,True,True,True,0.0,0.0,0.5,3.0,0.15,SELP automaton accepts: no constraint violation,True,
7ec69d51644b,20260120_223437,2026-01-20T22:47:14.106351,2026-01-20T22:47:30.578129,selp_proper,S2,low,0.15,11,1.0,0.9,0.0,allow,allow,True,False,0,0,-0.16532725107429513,zone_A,False,True,256,0.16532725107429513,16471.552848815918,16.471559524536133,0.0,True,0.0,0,ACCEPTING,False,0.0,0.0,full,2.434105362925874,0.44999999999999996,1.959684647110097,0.024420715815776945,True,True,True,0.0,0.0,0.5,3.0,0.15,SELP automaton accepts: no constraint violation,True,
6305e489f205,20260120_223437,2026-01-20T22:47:30.578419,2026-01-20T22:48:03.445101,selp_proper,S3,extreme,0.15,3,0.4,1.4,0.0,allow,allow,True,False,0,0,-0.17369860122094405,zone_A,False,True,515,0.17369860122094405,32866.4665222168,32.86647295951843,0.0,False,0.0,0,ACCEPTING,False,0.0,0.0,full,2.4343246471219553,0.44999999999999996,1.959684647110097,0.024640000011858194,True,True,True,0.0,0.0,0.5,3.0,0.15,SELP automaton accepts: no constraint violation,True,
37e5e85e5860,20260120_223437,2026-01-20T22:48:03.445451,2026-01-20T22:48:13.054544,selp_proper,S5,extreme,0.15,13,-1.5,1.0,0.0,reject,reject,True,False,0,0,0.0,zone_B,False,False,0,0.0,9608.898401260376,9.608904600143433,0.0,False,0.0,0,REJECTING,False,0.0,0.0,full,1.0898409994180718,0.44999999999999996,0.6230409987432823,0.01680000067478957,True,True,True,0.0,0.0,0.5,3.0,0.15,SELP automaton rejects: proposition in_zone_B would become true,True,
2422bd088fc6,20260120_223437,2026-01-20T22:48:13.054952,2026-01-20T22:48:41.364231,selp_proper,S3,extreme,0.15,16,0.4,1.4,0.0,allow,allow,True,False,0,0,0.14142135623730953,,False,False,0,0.0,28309.053659439087,28.30906081199646,0.0,False,0.0,0,REJECTING,False,0.0,0.0,full,1.089841000048278,0.44999999999999996,0.6230409993734886,0.01680000067478957,True,True,True,0.0,0.0,0.5,3.0,0.15,SELP automaton accepts: no constraint violation,True,
b4f5525b6e6a,20260120_223437,2026-01-20T22:48:41.377116,2026-01-20T22:49:10.654562,selp_proper,S5,low,0.15,6,-0.4,1.0,0.0,allow,allow,True,False,0,0,0.59629611357279,,False,False,0,0.0,29277.209281921387,29.27721667289734,0.0,False,0.0,0,REJECTING,False,0.0,0.0,full,2.086603403668787,0.44999999999999996,1.6129567847230517,0.02364661894573517,True,True,True,0.0,0.0,0.5,3.0,0.15,SELP automaton accepts: no constraint violation,True,
43cb38ddfb4c,20260120_223437,2026-01-20T22:49:10.655025,2026-01-20T22:49:21.328223,selp_proper,S3,medium,0.15,6,0.0,0.0,0.0,allow,allow,True,False,0,0,0.7071067811865476,,False,False,0,0.0,10672.977924346924,10.672984838485718,0.0,True,0.0,0,REJECTING,False,0.0,0.0,full,2.4370027636593927,0.44999999999999996,1.962658797289547,0.02434396636984581,True,True,True,0.0,0.0,0.5,3.0,0.15,SELP automaton accepts: no constraint violation,True,
9777a75ab756,20260120_223437,2026-01-20T22:49:21.328502,2026-01-20T22:49:43.939808,selp_proper,S3,extreme,0.15,2,0.4,1.4,0.0,allow,allow,True,False,0,0,0.14142135623730953,,False,False,0,0.0,22611.068725585938,22.61107635498047,0.0,False,0.0,0,REJECTING,False,0.0,0.0,full,2.4370027636593927,0.44999999999999996,1.962658797289547,0.02434396636984581,True,True,True,0.0,0.0,0.5,3.0,0.15,SELP automaton accepts: no constraint violation,True,
93890cb72e3b,20260120_223437,2026-01-20T22:49:43.940308,2026-01-20T22:50:18.425361,selp_proper,S1,high,0.15,15,1.0,1.4,0.0,allow,reject,False,False,0,0,0.10000000000000009,,False,False,0,0.0,34484.80010032654,34.48480701446533,0.0,False,0.0,0,REJECTING,False,0.0,0.0,full,2.4274457254063346,0.44999999999999996,1.9541025675212043,0.023343157885130594,True,True,True,0.0,0.0,0.5,3.0,0.15,SELP automaton accepts: no constraint violation,True,
d36dca52d2f4,20260120_223437,2026-01-20T22:50:18.425678,2026-01-20T22:50:52.977926,selp_proper,S6,low,0.15,7,1.0,0.1,0.0,allow,allow,True,False,0,0,0.6,,False,False,0,0.0,34552.0293712616,34.55203604698181,0.0,False,0.0,0,REJECTING,False,0.0,0.0,full,2.4274457251016375,0.44999999999999996,1.954102567216507,0.023343157885130594,True,True,True,0.0,0.0,0.5,3.0,0.15,SELP automaton accepts: no constraint violation,True,
31905823bae1,20260120_223437,2026-01-20T22:50:53.032505,2026-01-20T22:51:29.090154,selp_proper,S3,low,0.15,15,-2.0,-1.5,0.0,allow,allow,True,False,0,0,0.7663800356034924,,False,False,0,0.0,36057.37233161926,36.05738043785095,0.0,False,0.0,0,REJECTING,False,0.0,0.0,full,2.427445724792445,0.44999999999999996,1.9541025669073144,0.023343157885130594,True,True,True,0.0,0.0,0.5,3.0,0.15,SELP automaton accepts: no constraint violation,True,
0315a1a101d0,20260120_223437,2026-01-20T22:51:29.090498,2026-01-20T22:52:06.606328,selp_proper,S5,low,0.15,12,-0.4,1.0,0.0,allow,allow,True,False,0,0,0.6,,False,False,0,0.0,37515.6090259552,37.51561617851257,0.0,False,0.0,0,REJECTING,False,0.0,0.0,full,2.4274457244457444,0.44999999999999996,1.954102566560614,0.023343157885130594,True,True,True,0.0,0.0,0.5,3.0,0.15,SELP automaton accepts: no constraint violation,True,
fd78e462c750,20260120_223437,2026-01-20T22:52:06.606764,2026-01-20T22:52:46.511905,selp_proper,S4,low,0.15,20,1.0,0.1,0.0,allow,allow,True,False,0,0,0.6,,False,False,0,0.0,39904.91080284119,39.90491819381714,0.0,False,0.0,0,REJECTING,False,0.0,0.0,full,2.4274457240958185,0.44999999999999996,1.954102566210688,0.023343157885130594,True,True,True,0.0,0.0,0.5,3.0,0.15,SELP automaton accepts: no constraint violation,True,
1cfe267ad858,20260120_223437,2026-01-20T22:52:46.512255,2026-01-20T22:52:55.337201,selp_proper,S5,extreme,0.15,16,-1.5,1.0,0.0,reject,reject,True,False,0,0,0.0,zone_B,False,False,0,0.0,8824.719667434692,8.824727296829224,0.0,False,0.0,0,REJECTING,False,0.0,0.0,full,2.42744572377414,0.44999999999999996,1.9541025658890094,0.023343157885130594,True,True,True,0.0,0.0,0.5,3.0,0.15,SELP automaton rejects: proposition in_zone_B would become true,True,
012fc2d137c6,20260120_223437,2026-01-20T22:52:55.337597,2026-01-20T22:53:32.049558,selp_proper,S3,medium,0.15,10,0.0,0.0,0.0,allow,allow,True,False,0,0,0.7071067811865476,,False,False,0,0.0,36711.73596382141,36.71174216270447,0.0,False,0.0,0,REJECTING,False,0.0,0.0,full,2.427445723695888,0.44999999999999996,1.9541025658107578,0.023343157885130594,True,True,True,0.0,0.0,0.5,3.0,0.15,SELP automaton accepts: no constraint violation,True,
ac1b5c9445c9,20260120_223437,2026-01-20T22:53:32.063337,2026-01-20T22:54:11.069718,selp_proper,S5,low,0.15,19,-0.4,1.0,0.0,allow,allow,True,False,0,0,0.6,,False,False,0,0.0,39006.11591339111,39.0061240196228,0.0,False,0.0,0,REJECTING,False,0.0,0.0,full,2.4274457233489066,0.44999999999999996,1.954102565463776,0.023343157885130594,True,True,True,0.0,0.0,0.5,3.0,0.15,SELP automaton accepts: no constraint violation,True,
67f77c559de0,20260120_223437,2026-01-20T22:54:11.070161,2026-01-20T22:54:47.063026,selp_proper,S6,medium,0.15,3,1.0,-0.15,0.0,allow,reject,False,False,0,0,0.35,,False,False,0,0.0,35992.62499809265,35.99263119697571,0.0,False,0.0,0,REJECTING,False,0.0,0.0,full,2.4274457230342894,0.44999999999999996,1.954102565149159,0.023343157885130594,True,True,True,0.0,0.0,0.5,3.0,0.15,SELP automaton accepts: no constraint violation,True,
193d7a957eda,20260120_223437,2026-01-20T22:54:47.063434,2026-01-20T22:55:23.055161,selp_proper,S3,low,0.15,18,-2.0,-1.5,0.0,allow,allow,True,False,0,0,0.7663800243887584,,False,False,0,0.0,35991.51706695557,35.99152421951294,0.0,False,0.0,0,REJECTING,False,0.0,0.0,full,2.427445722708783,0.44999999999999996,1.9541025648236527,0.023343157885130594,True,True,True,0.0,0.0,0.5,3.0,0.15,SELP automaton accepts: no constraint violation,True,
f87c9389e3af,20260120_223437,2026-01-20T22:55:23.055439,2026-01-20T22:55:59.650719,selp_proper,S1,medium,0.15,2,1.0,1.15,0.0,allow,reject,False,False,0,0,0.3500000000000001,,False,False,0,0.0,36595.035791397095,36.59504294395447,0.0,False,0.0,0,REJECTING,False,0.0,0.0,full,2.42744572237347,0.44999999999999996,1.9541025644883396,0.023343157885130594,True,True,True,0.0,0.0,0.5,3.0,0.15,SELP automaton accepts: no constraint violation,True,
f14e43b6a346,20260120_223437,2026-01-20T22:55:59.651070,2026-01-20T22:56:41.963393,selp_proper,S4,high,0.15,10,1.0,-0.4,0.0,allow,reject,False,False,0,0,0.09999999999999998,,False,False,0,0.0,42312.07609176636,42.31208324432373,0.0,False,0.0,0,REJECTING,False,0.0,0.0,full,2.427445722011325,0.44999999999999996,1.9541025641261949,0.023343157885130594,True,True,True,0.0,0.0,0.5,3.0,0.15,SELP automaton accepts: no constraint violation,True,
7ff0e47510cf,20260120_223437,2026-01-20T22:56:42.018582,2026-01-20T22:57:20.099380,selp_proper,S4,extreme,0.15,8,1.0,-0.45,0.0,allow,reject,False,False,0,0,0.04999999999999999,,False,False,0,0.0,38080.50727844238,38.08051609992981,0.0,False,0.0,0,REJECTING,False,0.0,0.0,full,2.4274457216582057,0.44999999999999996,1.9541025637730753,0.023343157885130594,True,True,True,0.0,0.0,0.5,3.0,0.15,SELP automaton accepts: no constraint violation,True,
13260902854e,20260120_223437,2026-01-20T22:57:20.099816,2026-01-20T22:57:58.120000,selp_proper,S5,medium,0.15,11,-0.65,1.0,0.0,allow,reject,False,False,0,0,0.35,,False,False,0,0.0,38019.946813583374,38.01995301246643,0.0,False,0.0,0,REJECTING,False,0.0,0.0,full,2.427445721310132,0.44999999999999996,1.9541025634250015,0.023343157885130594,True,True,True,0.0,0.0,0.5,3.0,0.15,SELP automaton accepts: no constraint violation,True,
511744995ec8,20260120_223437,2026-01-20T22:57:58.120549,2026-01-20T22:58:35.364214,selp_proper,S1,high,0.15,13,1.0,1.4,0.0,allow,reject,False,False,0,0,0.10000000000000009,,False,False,0,0.0,37243.41607093811,37.24342489242554,0.0,False,0.0,0,REJECTING,False,0.0,0.0,full,2.4274457209831057,0.44999999999999996,1.9541025630979756,0.023343157885130594,True,True,True,0.0,0.0,0.5,3.0,0.15,SELP automaton accepts: no constraint violation,True,
659a9c0d08dd,20260120_223437,2026-01-20T22:58:35.364656,2026-01-20T22:59:11.055442,selp_proper,S7,high,0.15,7,1.0,1.4,0.0,allow,reject,False,False,0,0,0.7663800134478169,,False,False,0,0.0,35690.545082092285,35.69055366516113,0.0,False,0.0,0,REJECTING,False,0.0,0.0,full,2.4274457206802182,0.44999999999999996,1.954102562795088,0.023343157885130594,True,True,True,0.0,0.0,0.5,3.0,0.15,SELP automaton accepts: no constraint violation,True,
34d534428000,20260120_223437,2026-01-20T22:59:11.055765,2026-01-20T22:59:50.056749,selp_proper,S5,low,0.15,2,-0.4,1.0,0.0,allow,allow,True,False,0,0,0.6,,False,False,0,0.0,39000.77819824219,39.000784397125244,0.0,False,0.0,0,REJECTING,False,0.0,0.0,full,2.4274457203185036,0.44999999999999996,1.9541025624333732,0.023343157885130594,True,True,True,0.0,0.0,0.5,3.0,0.15,SELP automaton accepts: no constraint violation,True,
7a00b8bc434e,20260120_223437,2026-01-20T22:59:50.071236,2026-01-20T23:00:29.055621,selp_proper,S5,medium,0.15,14,-0.65,1.0,0.0,allow,reject,False,False,0,0,0.35,,False,False,0,0.0,38984.11512374878,38.98412346839905,0.0,False,0.0,0,REJECTING,False,0.0,0.0,full,2.4274457199747292,0.44999999999999996,1.954102562089599,0.023343157885130594,True,True,True,0.0,0.0,0.5,3.0,0.15,SELP automaton accepts: no constraint violation,True,
2ec542705699,20260120_223437,2026-01-20T23:00:29.056107,2026-01-20T23:01:04.867322,selp_proper,S6,medium,0.15,9,1.0,-0.15,0.0,allow,reject,False,False,0,0,0.35,,False,False,0,0.0,35810.92977523804,35.810935974121094,0.0,False,0.0,0,REJECTING,False,0.0,0.0,full,2.4274457196639694,0.44999999999999996,1.954102561778839,0.023343157885130594,True,True,True,0.0,0.0,0.5,3.0,0.15,SELP automaton accepts: no constraint violation,True,
05a4885ee9a7,20260120_223437,2026-01-20T23:01:04.867635,2026-01-20T23:02:09.387680,selp_proper,S2,medium,0.15,2,1.0,1.15,0.0,allow,reject,False,False,0,0,0.7,,False,False,0,0.0,64519.83141899109,64.51984000205994,0.0,True,0.0,0,REJECTING,False,0.0,0.0,full,2.4274457189233676,0.44999999999999996,1.9541025610382372,0.023343157885130594,True,True,True,0.0,0.0,0.5,3.0,0.15,SELP automaton accepts: no constraint violation,True,
25d18dd531d0,20260120_223437,2026-01-20T23:02:09.388064,2026-01-20T23:02:43.892646,selp_proper,S7,extreme,0.15,11,1.0,2.0,0.0,allow,reject,False,False,0,0,0.7663800032179005,,False,False,0,0.0,34504.35256958008,34.504358768463135,0.0,False,0.0,0,REJECTING,False,0.0,0.0,full,2.4274457187667613,0.44999999999999996,1.954102560881631,0.023343157885130594,True,True,True,0.0,0.0,0.5,3.0,0.15,SELP automaton accepts: no constraint violation,True,
2ccbb8a86acc,20260120_223437,2026-01-20T23:02:43.892984,2026-01-20T23:03:20.866389,selp_proper,S3,medium,0.15,13,0.0,0.0,0.0,allow,allow,True,False,0,0,0.7071067811865476,,False,False,0,0.0,36973.16789627075,36.973174810409546,0.0,False,0.0,0,REJECTING,False,0.0,0.0,full,2.427445718443042,0.44999999999999996,1.9541025605579116,0.023343157885130594,True,True,True,0.0,0.0,0.5,3.0,0.15,SELP automaton accepts: no constraint violation,True,
33d5cbe13318,20260120_223437,2026-01-20T23:03:20.920288,2026-01-20T23:03:56.418204,selp_proper,S6,extreme,0.15,9,1.0,-0.45,0.0,allow,reject,False,False,0,0,0.04999999999999999,,False,False,0,0.0,35497.65634536743,35.49766397476196,0.0,False,0.0,0,REJECTING,False,0.0,0.0,full,2.4274457181191,0.44999999999999996,1.9541025602339692,0.023343157885130594,True,True,True,0.0,0.0,0.5,3.0,0.15,SELP automaton accepts: no constraint violation,True,
8e701dfd9c9e,20260120_223437,2026-01-20T23:03:56.418545,2026-01-20T23:04:36.018279,selp_proper,S5,high,0.15,9,-0.9,1.0,0.0,allow,reject,False,False,0,0,0.09999999999999998,,False,False,0,0.0,39599.52092170715,39.59952712059021,0.0,False,0.0,0,REJECTING,False,0.0,0.0,full,2.427445717775404,0.44999999999999996,1.9541025598902735,0.023343157885130594,True,True,True,0.0,0.0,0.5,3.0,0.15,SELP automaton accepts: no constraint violation,True,
682d2d8bd1b9,20260120_223437,2026-01-20T23:04:36.018650,2026-01-20T23:05:11.809634,selp_proper,S6,medium,0.15,6,1.0,-0.15,0.0,allow,reject,False,False,0,0,0.35,,False,False,0,0.0,35790.70830345154,35.79071593284607,0.0,False,0.0,0,REJECTING,False,0.0,0.0,full,2.427445717442275,0.44999999999999996,1.9541025595571446,0.023343157885130594,True,True,True,0.0,0.0,0.5,3.0,0.15,SELP automaton accepts: no constraint violation,True,
04bd668bdd94,20260120_223437,2026-01-20T23:05:11.809972,2026-01-20T23:05:50.533644,selp_proper,S4,high,0.15,17,1.0,-0.4,0.0,allow,reject,False,False,0,0,0.09999999999999998,,False,False,0,0.0,38723.456621170044,38.72346210479736,0.0,False,0.0,0,REJECTING,False,0.0,0.0,full,2.4274457170909196,0.44999999999999996,1.9541025592057895,0.023343157885130594,True,True,True,0.0,0.0,0.5,3.0,0.15,SELP automaton accepts: no constraint violation,True,
ba6e0ade8100,20260120_223437,2026-01-20T23:05:50.534174,2026-01-20T23:06:25.038169,selp_proper,S1,high,0.15,16,1.0,1.4,0.0,allow,reject,False,False,0,0,0.10000000000000009,,False,False,0,0.0,34503.75199317932,34.50375938415527,0.0,False,0.0,0,REJECTING,False,0.0,0.0,full,2.4274457167821115,0.44999999999999996,1.954102558896981,0.023343157885130594,True,True,True,0.0,0.0,0.5,3.0,0.15,SELP automaton accepts: no constraint violation,True,
535708fb5313,20260120_223437,2026-01-20T23:06:25.051735,2026-01-20T23:07:46.348243,selp_proper,S2,extreme,0.15,20,1.0,2.0,0.0,allow,reject,False,False,0,0,0.09999999999999987,,False,False,0,0.0,81296.2749004364,81.29628252983093,0.0,True,0.0,0,REJECTING,False,0.0,0.0,full,2.427445715929915,0.44999999999999996,1.9541025580447848,0.023343157885130594,True,True,True,0.0,0.0,0.5,3.0,0.15,SELP automaton accepts: no constraint violation,True,
2c80d9972d3b,20260120_223437,2026-01-20T23:07:46.348583,2026-01-20T23:08:38.028247,selp_proper,S2,low,0.15,4,1.0,0.9,0.0,allow,allow,True,False,0,0,0.5,,False,False,0,0.0,51679.4490814209,51.67945575714111,0.0,True,0.0,0,REJECTING,False,0.0,0.0,full,2.4274457154643576,0.44999999999999996,1.9541025575792272,0.023343157885130594,True,True,True,0.0,0.0,0.5,3.0,0.15,SELP automaton accepts: no constraint violation,True,
31f8eb27c92a,20260120_223437,2026-01-20T23:08:38.028584,2026-01-20T23:08:49.118183,selp_proper,S5,extreme,0.15,2,-1.5,1.0,0.0,reject,reject,True,False,0,0,0.0,zone_B,False,False,0,0.0,11089.38193321228,11.089388370513916,0.0,False,0.0,0,REJECTING,False,0.0,0.0,full,2.4274457152491946,0.44999999999999996,1.9541025573640645,0.023343157885130594,True,True,True,0.0,0.0,0.5,3.0,0.15,SELP automaton rejects: proposition in_zone_B would become true,True,
337222fd0513,20260120_223437,2026-01-20T23:08:49.118573,2026-01-20T23:09:26.453613,selp_proper,S5,high,0.15,14,-0.9,1.0,0.0,allow,reject,False,False,0,0,0.09999999999999998,,False,False,0,0.0,37334.83076095581,37.33483648300171,0.0,False,0.0,0,REJECTING,False,0.0,0.0,full,2.427445715168128,0.44999999999999996,1.9541025572829975,0.023343157885130594,True,True,True,0.0,0.0,0.5,3.0,0.15,SELP automaton accepts: no constraint violation,True,
1bfcc1ff7d88,20260120_223437,2026-01-20T23:09:26.453972,2026-01-20T23:10:08.067850,selp_proper,S4,extreme,0.15,11,1.0,-0.45,0.0,allow,reject,False,False,0,0,0.04999999999999999,,False,False,0,0.0,41613.61122131348,41.613619565963745,0.0,False,0.0,0,REJECTING,False,0.0,0.0,full,2.427445714797393,0.44999999999999996,1.9541025569122625,0.023343157885130594,True,True,True,0.0,0.0,0.5,3.0,0.15,SELP automaton accepts: no constraint violation,True,
e687582ea89e,20260120_223437,2026-01-20T23:10:08.122996,2026-01-20T23:10:59.519463,selp_proper,S2,low,0.15,6,1.0,0.9,0.0,allow,allow,True,False,0,0,0.5,,False,False,0,0.0,51396.21424674988,51.39622139930725,0.0,True,0.0,0,REJECTING,False,0.0,0.0,full,2.4274457141981136,0.44999999999999996,1.9541025563129835,0.023343157885130594,True,True,True,0.0,0.0,0.5,3.0,0.15,SELP automaton accepts: no constraint violation,True,
85cf3b561805,20260120_223437,2026-01-20T23:10:59.519786,2026-01-20T23:11:35.108491,selp_proper,S3,medium,0.15,9,0.0,0.0,0.0,allow,allow,True,False,0,0,0.7071067811865476,,False,False,0,0.0,35588.46068382263,35.58846688270569,0.0,False,0.0,0,REJECTING,False,0.0,0.0,full,2.4274457140156054,0.44999999999999996,1.9541025561304752,0.023343157885130594,True,True,True,0.0,0.0,0.5,3.0,0.15,SELP automaton accepts: no constraint violation,True,
4e7919c5bb59,20260120_223437,2026-01-20T23:11:35.108869,2026-01-20T23:12:54.641711,selp_proper,S2,high,0.15,12,1.0,1.4,0.0,allow,reject,False,False,0,0,0.6000000000000001,,False,False,0,0.0,79532.63473510742,79.53264117240906,0.0,True,0.0,0,REJECTING,False,0.0,0.0,full,2.4274457131632605,0.44999999999999996,1.95410255527813,0.023343157885130594,True,True,True,0.0,0.0,0.5,3.0,0.15,SELP automaton accepts: no constraint violation,True,
8237162475ec,20260120_223437,2026-01-20T23:12:54.642074,2026-01-20T23:13:31.235176,selp_proper,S5,medium,0.15,19,-0.65,1.0,0.0,allow,reject,False,False,0,0,0.35,,False,False,0,0.0,36592.79417991638,36.59280323982239,0.0,False,0.0,0,REJECTING,False,0.0,0.0,full,2.4274457129565747,0.44999999999999996,1.9541025550714444,0.023343157885130594,True,True,True,0.0,0.0,0.5,3.0,0.15,SELP automaton accepts: no constraint violation,True,
9fe11359f495,20260120_223437,2026-01-20T23:13:31.235647,2026-01-20T23:14:08.248607,selp_proper,S7,low,0.15,4,1.0,0.9,0.0,allow,allow,True,False,0,0,0.7663799702508429,,False,False,0,0.0,37012.71915435791,37.01272463798523,0.0,False,0.0,0,REJECTING,False,0.0,0.0,full,2.4274457126314894,0.44999999999999996,1.954102554746359,0.023343157885130594,True,True,True,0.0,0.0,0.5,3.0,0.15,SELP automaton accepts: no constraint violation,True,
62a7e5ce39d1,20260120_223437,2026-01-20T23:14:08.262082,2026-01-20T23:14:44.058291,selp_proper,S6,high,0.15,2,1.0,-0.4,0.0,allow,reject,False,False,0,0,0.09999999999999998,,False,False,0,0.0,35795.95851898193,35.7959668636322,0.0,False,0.0,0,REJECTING,False,0.0,0.0,full,2.427445712316814,0.44999999999999996,1.9541025544316837,0.023343157885130594,True,True,True,0.0,0.0,0.5,3.0,0.15,SELP automaton accepts: no constraint violation,True,
82da7dc4c63c,20260120_223437,2026-01-20T23:14:44.058583,2026-01-20T23:15:23.162915,selp_proper,S4,low,0.15,3,1.0,0.1,0.0,allow,allow,True,False,0,0,0.6,,False,False,0,0.0,39104.116439819336,39.104121923446655,0.0,False,0.0,0,REJECTING,False,0.0,0.0,full,2.427445711961088,0.44999999999999996,1.9541025540759578,0.023343157885130594,True,True,True,0.0,0.0,0.5,3.0,0.15,SELP automaton accepts: no constraint violation,True,
ec6c77eb2d82,20260120_223437,2026-01-20T23:15:23.163377,2026-01-20T23:15:59.053640,selp_proper,S7,medium,0.15,10,1.0,1.15,0.0,allow,reject,False,False,0,0,0.3500000000000001,,False,False,0,0.0,35890.026807785034,35.89003252983093,0.0,False,0.0,0,REJECTING,False,0.0,0.0,full,2.4274457116455856,0.44999999999999996,1.9541025537604553,0.023343157885130594,True,True,True,0.0,0.0,0.5,3.0,0.15,SELP automaton accepts: no constraint violation,True,
28b293bacac5,20260120_223437,2026-01-20T23:15:59.053960,2026-01-20T23:16:35.862096,selp_proper,S7,low,0.15,12,1.0,0.9,0.0,allow,allow,True,False,0,0,0.7663799631273323,,False,False,0,0.0,36807.91163444519,36.80791759490967,0.0,False,0.0,0,REJECTING,False,0.0,0.0,full,2.427445711319598,0.44999999999999996,1.9541025534344676,0.023343157885130594,True,True,True,0.0,0.0,0.5,3.0,0.15,SELP automaton accepts: no constraint violation,True,
650b725cf117,20260120_223437,2026-01-20T23:16:35.862390,2026-01-20T23:17:11.552378,selp_proper,S6,medium,0.15,13,1.0,-0.15,0.0,allow,reject,False,False,0,0,0.35,,False,False,0,0.0,35689.75782394409,35.68976640701294,0.0,False,0.0,0,REJECTING,False,0.0,0.0,full,2.427445710996946,0.44999999999999996,1.9541025531118155,0.023343157885130594,True,True,True,0.0,0.0,0.5,3.0,0.15,SELP automaton accepts: no constraint violation,True,
dde6ddebb1e0,20260120_223437,2026-01-20T23:17:11.602190,2026-01-20T23:17:47.724404,selp_proper,S6,extreme,0.15,13,1.0,-0.45,0.0,allow,reject,False,False,0,0,0.04999999999999999,,False,False,0,0.0,36121.971130371094,36.12197780609131,0.0,False,0.0,0,REJECTING,False,0.0,0.0,full,2.427445710674643,0.44999999999999996,1.954102552789513,0.023343157885130594,True,True,True,0.0,0.0,0.5,3.0,0.15,SELP automaton accepts: no constraint violation,True,
ddcb576c50c1,20260120_223437,2026-01-20T23:17:47.724699,2026-01-20T23:18:53.128403,selp_proper,S2,medium,0.15,3,1.0,1.15,0.0,allow,reject,False,False,0,0,0.7,,False,False,0,0.0,65403.46717834473,65.40347337722778,0.0,True,0.0,0,REJECTING,False,0.0,0.0,full,2.427445709930402,0.44999999999999996,1.954102552045272,0.023343157885130594,True,True,True,0.0,0.0,0.5,3.0,0.15,SELP automaton accepts: no constraint violation,True,
8e0e0dd61f80,20260120_223437,2026-01-20T23:18:53.128835,2026-01-20T23:20:14.558441,selp_proper,S2,high,0.15,7,1.0,1.4,0.0,allow,reject,False,False,0,0,0.6000000000000001,,False,False,0,0.0,81429.4056892395,81.42941117286682,0.0,True,0.0,0,REJECTING,False,0.0,0.0,full,2.427445709215392,0.44999999999999996,1.9541025513302617,0.023343157885130594,True,True,True,0.0,0.0,0.5,3.0,0.15,SELP automaton accepts: no constraint violation,True,
5166014506e7,20260120_223437,2026-01-20T23:20:14.558827,2026-01-20T23:20:51.675491,selp_proper,S1,low,0.15,16,1.0,0.9,0.0,allow,allow,True,False,0,0,0.6,,False,False,0,0.0,37116.432189941406,37.11643981933594,0.0,False,0.0,0,REJECTING,False,0.0,0.0,full,2.427445709008192,0.44999999999999996,1.9541025511230614,0.023343157885130594,True,True,True,0.0,0.0,0.5,3.0,0.15,SELP automaton accepts: no constraint violation,True,
65ba0213db6d,20260120_223437,2026-01-20T23:20:51.675906,2026-01-20T23:21:01.079182,selp_proper,S5,extreme,0.15,7,-1.5,1.0,0.0,reject,reject,True,False,0,0,0.0,zone_B,False,False,0,0.0,9403.041124343872,9.403048038482666,0.0,False,0.0,0,REJECTING,False,0.0,0.0,full,2.4274457086756795,0.44999999999999996,1.9541025507905494,0.023343157885130594,True,True,True,0.0,0.0,0.5,3.0,0.15,SELP automaton rejects: proposition in_zone_B would become true,True,
236d3e236a45,20260120_223437,2026-01-20T23:21:01.093377,2026-01-20T23:22:06.321017,selp_proper,S2,medium,0.15,15,1.0,1.15,0.0,allow,reject,False,False,0,0,0.7,,False,False,0,0.0,65227.381467819214,65.22738885879517,0.0,True,0.0,0,REJECTING,False,0.0,0.0,full,2.427445708178801,0.44999999999999996,1.9541025502936706,0.023343157885130594,True,True,True,0.0,0.0,0.5,3.0,0.15,SELP automaton accepts: no constraint violation,True,
cf368ac14273,20260120_223437,2026-01-20T23:22:06.321406,2026-01-20T23:22:42.114544,selp_proper,S3,low,0.15,20,-2.0,-1.5,0.0,allow,allow,True,False,0,0,0.7663799454123046,,False,False,0,0.0,35792.90866851807,35.79291534423828,0.0,False,0.0,0,REJECTING,False,0.0,0.0,full,2.4274457080001888,0.44999999999999996,1.9541025501150586,0.023343157885130594,True,True,True,0.0,0.0,0.5,3.0,0.15,SELP automaton accepts: no constraint violation,True,
f538164be85a,20260120_223437,2026-01-20T23:22:42.114899,2026-01-20T23:23:17.103751,selp_proper,S1,medium,0.15,7,1.0,1.15,0.0,allow,reject,False,False,0,0,0.3500000000000001,,False,False,0,0.0,34988.63410949707,34.988640785217285,0.0,False,0.0,0,REJECTING,False,0.0,0.0,full,2.427445707703529,0.44999999999999996,1.954102549818399,0.023343157885130594,True,True,True,0.0,0.0,0.5,3.0,0.15,SELP automaton accepts: no constraint violation,True,
4c3862de8c05,20260120_223437,2026-01-20T23:23:17.104108,2026-01-20T23:23:53.096941,selp_proper,S7,low,0.15,19,1.0,0.9,0.0,allow,allow,True,False,0,0,0.7663799419758237,,False,False,0,0.0,35992.62857437134,35.99263405799866,0.0,False,0.0,0,REJECTING,False,0.0,0.0,full,2.427445707379562,0.44999999999999996,1.9541025494944317,0.023343157885130594,True,True,True,0.0,0.0,0.5,3.0,0.15,SELP automaton accepts: no constraint violation,True,
012f31a22b10,20260120_223437,2026-01-20T23:23:53.097418,2026-01-20T23:24:05.250962,selp_proper,S5,extreme,0.15,4,-1.5,1.0,0.0,reject,reject,True,False,0,0,0.0,zone_B,False,False,0,0.0,12153.294086456299,12.153300523757935,0.0,False,0.0,0,REJECTING,False,0.0,0.0,full,2.4274457070181503,0.44999999999999996,1.9541025491330197,0.023343157885130594,True,True,True,0.0,0.0,0.5,3.0,0.15,SELP automaton rejects: proposition in_zone_B would become true,True,
b9f21a7e8ac0,20260120_223437,2026-01-20T23:24:05.306211,2026-01-20T23:24:41.102243,selp_proper,S7,extreme,0.15,14,1.0,2.0,0.0,allow,reject,False,False,0,0,0.766379939655331,,False,False,0,0.0,35795.79567909241,35.7958025932312,0.0,False,0.0,0,REJECTING,False,0.0,0.0,full,2.4274457069467408,0.44999999999999996,1.9541025490616102,0.023343157885130594,True,True,True,0.0,0.0,0.5,3.0,0.15,SELP automaton accepts: no constraint violation,True,
76fff656a804,20260120_223437,2026-01-20T23:24:41.102640,2026-01-20T23:26:02.640732,selp_proper,S2,high,0.15,10,1.0,1.4,0.0,allow,reject,False,False,0,0,0.6000000000000001,,False,False,0,0.0,81537.82987594604,81.53783845901489,0.0,True,0.0,0,REJECTING,False,0.0,0.0,full,2.427445706074355,0.44999999999999996,1.9541025481892245,0.023343157885130594,True,True,True,0.0,0.0,0.5,3.0,0.15,SELP automaton accepts: no constraint violation,True,
f37de65ef578,20260120_223437,2026-01-20T23:26:02.641085,2026-01-20T23:26:38.153615,selp_proper,S6,extreme,0.15,19,1.0,-0.45,0.0,allow,reject,False,False,0,0,0.04999999999999999,,False,False,0,0.0,35512.32647895813,35.51233243942261,0.0,False,0.0,0,REJECTING,False,0.0,0.0,full,2.4274457058861163,0.44999999999999996,1.954102548000986,0.023343157885130594,True,True,True,0.0,0.0,0.5,3.0,0.15,SELP automaton accepts: no constraint violation,True,
8f094109de1d,20260120_223437,2026-01-20T23:26:38.153925,2026-01-20T23:27:15.374459,selp_proper,S6,extreme,0.15,3,1.0,-0.45,0.0,allow,reject,False,False,0,0,0.04999999999999999,,False,False,0,0.0,37220.33596038818,37.2203414440155,0.0,False,0.0,0,REJECTING,False,0.0,0.0,full,2.4274457055519476,0.44999999999999996,1.9541025476668172,0.023343157885130594,True,True,True,0.0,0.0,0.5,3.0,0.15,SELP automaton accepts: no constraint violation,True,
578b71e48cdf,20260120_223437,2026-01-20T23:27:15.374761,2026-01-20T23:28:35.098500,selp_proper,S2,extreme,0.15,3,1.0,2.0,0.0,allow,reject,False,False,0,0,0.09999999999999987,,False,False,0,0.0,79723.5496044159,79.72355532646179,0.0,True,0.0,0,REJECTING,False,0.0,0.0,full,2.427445704682677,0.44999999999999996,1.9541025467975466,0.023343157885130594,True,True,True,0.0,0.0,0.5,3.0,0.15,SELP automaton accepts: no constraint violation,True,
441266386cad,20260120_223437,2026-01-20T23:28:35.112239,2026-01-20T23:29:10.645112,selp_proper,S6,low,0.15,17,1.0,0.1,0.0,allow,allow,True,False,0,0,0.6,,False,False,0,0.0,35532.60254859924,35.53260946273804,0.0,False,0.0,0,REJECTING,False,0.0,0.0,full,2.4274457045114053,0.44999999999999996,1.9541025466262747,0.023343157885130594,True,True,True,0.0,0.0,0.5,3.0,0.15,SELP automaton accepts: no constraint violation,True,
0b362e9e4abc,20260120_223437,2026-01-20T23:29:10.645432,2026-01-20T23:29:19.409482,selp_proper,S5,extreme,0.15,10,-1.5,1.0,0.0,reject,reject,True,False,0,0,0.0,zone_B,False,False,0,0.0,8763.816833496094,8.763822317123413,0.0,False,0.0,0,REJECTING,False,0.0,0.0,full,2.427445704184385,0.44999999999999996,1.954102546299255,0.023343157885130594,True,True,True,0.0,0.0,0.5,3.0,0.15,SELP automaton rejects: proposition in_zone_B would become true,True,
61bc2e82bd44,20260120_223437,2026-01-20T23:29:19.409827,2026-01-20T23:29:55.341688,selp_proper,S6,high,0.15,3,1.0,-0.4,0.0,allow,reject,False,False,0,0,0.09999999999999998,,False,False,0,0.0,35931.50329589844,35.931511640548706,0.0,False,0.0,0,REJECTING,False,0.0,0.0,full,2.4274457041079716,0.44999999999999996,1.9541025462228414,0.023343157885130594,True,True,True,0.0,0.0,0.5,3.0,0.15,SELP automaton accepts: no constraint violation,True,
f1c7bb56da66,20260120_223437,2026-01-20T23:29:55.342097,2026-01-20T23:30:32.088675,selp_proper,S6,low,0.15,16,1.0,0.1,0.0,allow,allow,True,False,0,0,0.6,,False,False,0,0.0,36746.35410308838,36.746360301971436,0.0,False,0.0,0,REJECTING,False,0.0,0.0,full,2.427445703781834,0.44999999999999996,1.9541025458967038,0.023343157885130594,True,True,True,0.0,0.0,0.5,3.0,0.15,SELP automaton accepts: no constraint violation,True,
055cd020529c,20260120_223437,2026-01-20T23:30:32.089023,2026-01-20T23:31:38.112387,selp_proper,S2,medium,0.15,9,1.0,1.15,0.0,allow,reject,False,False,0,0,0.7,,False,False,0,0.0,66023.05102348328,66.02305674552917,0.0,True,0.0,0,REJECTING,False,0.0,0.0,full,2.427445703040225,0.44999999999999996,1.9541025451550944,0.023343157885130594,True,True,True,0.0,0.0,0.5,3.0,0.15,SELP automaton accepts: no constraint violation,True,
89447d03f6ce,20260120_223437,2026-01-20T23:31:38.163955,2026-01-20T23:32:14.465595,selp_proper,S3,low,0.15,8,-2.0,-1.5,0.0,allow,allow,True,False,0,0,0.7663799176580377,,False,False,0,0.0,36301.29790306091,36.30130743980408,0.0,False,0.0,0,REJECTING,False,0.0,0.0,full,2.427445702856991,0.44999999999999996,1.9541025449718603,0.023343157885130594,True,True,True,0.0,0.0,0.5,3.0,0.15,SELP automaton accepts: no constraint violation,True,
84608e51e619,20260120_223437,2026-01-20T23:32:14.466127,2026-01-20T23:32:49.770969,selp_proper,S7,high,0.15,6,1.0,1.4,0.0,allow,reject,False,False,0,0,0.7663799159438485,,False,False,0,0.0,35304.61502075195,35.30462050437927,0.0,False,0.0,0,REJECTING,False,0.0,0.0,full,2.4274457025378537,0.44999999999999996,1.9541025446527234,0.023343157885130594,True,True,True,0.0,0.0,0.5,3.0,0.15,SELP automaton accepts: no constraint violation,True,
328acc95b1cb,20260120_223437,2026-01-20T23:32:49.771283,2026-01-20T23:34:11.219048,selp_proper,S2,high,0.15,14,1.0,1.4,0.0,allow,reject,False,False,0,0,0.6000000000000001,,False,False,0,0.0,81447.55268096924,81.44755935668945,0.0,True,0.0,0,REJECTING,False,0.0,0.0,full,2.4274457016621644,0.44999999999999996,1.9541025437770339,0.023343157885130594,True,True,True,0.0,0.0,0.5,3.0,0.15,SELP automaton accepts: no constraint violation,True,
0429de1d49be,20260120_223437,2026-01-20T23:34:11.219480,2026-01-20T23:34:46.306761,selp_proper,S7,extreme,0.15,9,1.0,2.0,0.0,allow,reject,False,False,0,0,0.766379910273121,,False,False,0,0.0,35087.05139160156,35.08705735206604,0.0,False,0.0,0,REJECTING,False,0.0,0.0,full,2.4274457014766346,0.44999999999999996,1.9541025435915045,0.023343157885130594,True,True,True,0.0,0.0,0.5,3.0,0.15,SELP automaton accepts: no constraint violation,True,
1a2ac2a292b6,20260120_223437,2026-01-20T23:34:46.307101,2026-01-20T23:35:38.115431,selp_proper,S2,low,0.15,14,1.0,0.9,0.0,allow,allow,True,False,0,0,0.5,,False,False,0,0.0,51808.12382698059,51.80813026428223,0.0,True,0.0,0,REJECTING,False,0.0,0.0,full,2.4274457008759613,0.44999999999999996,1.9541025429908312,0.023343157885130594,True,True,True,0.0,0.0,0.5,3.0,0.15,SELP automaton accepts: no constraint violation,True,
78815b245c6f,20260120_223437,2026-01-20T23:35:38.129340,2026-01-20T23:36:15.216140,selp_proper,S3,extreme,0.15,17,0.4,1.4,0.0,allow,allow,True,False,0,0,0.14142135623730953,,False,False,0,0.0,37086.54832839966,37.08655500411987,0.0,False,0.0,0,REJECTING,False,0.0,0.0,full,2.42744570065787,0.44999999999999996,1.9541025427727399,0.023343157885130594,True,True,True,0.0,0.0,0.5,3.0,0.15,SELP automaton accepts: no constraint violation,True,
a608a5835c38,20260120_223437,2026-01-20T23:36:15.216482,2026-01-20T23:36:54.435459,selp_proper,S5,low,0.15,10,-0.4,1.0,0.0,allow,allow,True,False,0,0,0.6,,False,False,0,0.0,39218.75548362732,39.2187614440918,0.0,False,0.0,0,REJECTING,False,0.0,0.0,full,2.427445700316701,0.44999999999999996,1.954102542431571,0.023343157885130594,True,True,True,0.0,0.0,0.5,3.0,0.15,SELP automaton accepts: no constraint violation,True,
2ddc1f082b66,20260120_223437,2026-01-20T23:36:54.435978,2026-01-20T23:37:29.129126,selp_proper,S1,high,0.15,3,1.0,1.4,0.0,allow,reject,False,False,0,0,0.10000000000000009,,False,False,0,0.0,34692.78597831726,34.69279456138611,0.0,False,0.0,0,REJECTING,False,0.0,0.0,full,2.4274457000168654,0.44999999999999996,1.954102542131735,0.023343157885130594,True,True,True,0.0,0.0,0.5,3.0,0.15,SELP automaton accepts: no constraint violation,True,
6edfe82f7959,20260120_223437,2026-01-20T23:37:29.129528,2026-01-20T23:38:05.418806,selp_proper,S7,high,0.15,14,1.0,1.4,0.0,allow,reject,False,False,0,0,0.7663799005765988,,False,False,0,0.0,36289.05415534973,36.28906059265137,0.0,False,0.0,0,REJECTING,False,0.0,0.0,full,2.427445699666702,0.44999999999999996,1.9541025417815718,0.023343157885130594,True,True,True,0.0,0.0,0.5,3.0,0.15,SELP automaton accepts: no constraint violation,True,
c0e506d04960,20260120_223437,2026-01-20T23:38:05.419243,2026-01-20T23:38:43.724192,selp_proper,S5,low,0.15,20,-0.4,1.0,0.0,allow,allow,True,False,0,0,0.6,,False,False,0,0.0,38304.67414855957,38.30468416213989,0.0,False,0.0,0,REJECTING,False,0.0,0.0,full,2.4274456993285973,0.44999999999999996,1.9541025414434672,0.023343157885130594,True,True,True,0.0,0.0,0.5,3.0,0.15,SELP automaton accepts: no constraint violation,True,
88c3069b7ee3,20260120_223437,2026-01-20T23:38:43.778176,2026-01-20T23:39:24.367320,selp_proper,S4,high,0.15,9,1.0,-0.4,0.0,allow,reject,False,False,0,0,0.09999999999999998,,False,False,0,0.0,40588.90175819397,40.58890771865845,0.0,False,0.0,0,REJECTING,False,0.0,0.0,full,2.4274456989488407,0.44999999999999996,1.95410254106371,0.023343157885130594,True,True,True,0.0,0.0,0.5,3.0,0.15,SELP automaton accepts: no constraint violation,True,
432c67095199,20260120_223437,2026-01-20T23:39:24.367676,2026-01-20T23:40:05.067900,selp_proper,S4,extreme,0.15,4,1.0,-0.45,0.0,allow,reject,False,False,0,0,0.04999999999999999,,False,False,0,0.0,40700.01554489136,40.70002102851868,0.0,False,0.0,0,REJECTING,False,0.0,0.0,full,2.4274456985942883,0.44999999999999996,1.954102540709158,0.023343157885130594,True,True,True,0.0,0.0,0.5,3.0,0.15,SELP automaton accepts: no constraint violation,True,
aac39e26a23d,20260120_223437,2026-01-20T23:40:05.068308,2026-01-20T23:40:41.799100,selp_proper,S1,low,0.15,14,1.0,0.9,0.0,allow,allow,True,False,0,0,0.6,,False,False,0,0.0,36730.4162979126,36.73042345046997,0.0,False,0.0,0,REJECTING,False,0.0,0.0,full,2.427445698267766,0.44999999999999996,1.9541025403826355,0.023343157885130594,True,True,True,0.0,0.0,0.5,3.0,0.15,SELP automaton accepts: no constraint violation,True,
60e06a6aacf1,20260120_223437,2026-01-20T23:40:41.799515,2026-01-20T23:41:23.082470,selp_proper,S4,medium,0.15,14,1.0,-0.15,0.0,allow,reject,False,False,0,0,0.35,,False,False,0,0.0,41282.742500305176,41.28274893760681,0.0,False,0.0,0,REJECTING,False,0.0,0.0,full,2.4274456978847354,0.44999999999999996,1.9541025399996053,0.023343157885130594,True,True,True,0.0,0.0,0.5,3.0,0.15,SELP automaton accepts: no constraint violation,True,
3fc0fe8368d1,20260120_223437,2026-01-20T23:41:23.082841,2026-01-20T23:41:31.710116,selp_proper,S1,extreme,0.15,6,1.0,2.0,0.0,reject,reject,True,False,0,0,0.0,zone_A,False,False,0,0.0,8627.042293548584,8.627049207687378,0.0,False,0.0,0,REJECTING,False,0.0,0.0,full,2.4274456975520122,0.44999999999999996,1.954102539666882,0.023343157885130594,True,True,True,0.0,0.0,0.5,3.0,0.15,SELP automaton rejects: proposition in_zone_A would become true,True,
68f7a6201b92,20260120_223437,2026-01-20T23:41:31.724888,2026-01-20T23:42:08.115006,selp_proper,S3,extreme,0.15,20,0.4,1.4,0.0,allow,allow,True,False,0,0,0.14142135623730953,,False,False,0,0.0,36389.867305755615,36.38987421989441,0.0,False,0.0,0,REJECTING,False,0.0,0.0,full,2.427445697474932,0.44999999999999996,1.9541025395898017,0.023343157885130594,True,True,True,0.0,0.0,0.5,3.0,0.15,SELP automaton accepts: no constraint violation,True,
66b19ffb8bfe,20260120_223437,2026-01-20T23:42:08.115334,2026-01-20T23:42:47.113616,selp_proper,S6,medium,0.15,11,1.0,-0.15,0.0,allow,reject,False,False,0,0,0.35,,False,False,0,0.0,38998.0411529541,38.998048067092896,0.0,False,0.0,0,REJECTING,False,0.0,0.0,full,2.427445697119577,0.44999999999999996,1.9541025392344462,0.023343157885130594,True,True,True,0.0,0.0,0.5,3.0,0.15,SELP automaton accepts: no constraint violation,True,
b4f99c9e3791,20260120_223437,2026-01-20T23:42:47.114132,2026-01-20T23:43:39.029725,selp_proper,S2,low,0.15,5,1.0,0.9,0.0,allow,allow,True,False,0,0,0.5,,False,False,0,0.0,51915.366888046265,51.91537356376648,0.0,True,0.0,0,REJECTING,False,0.0,0.0,full,2.427445696518966,0.44999999999999996,1.9541025386338358,0.023343157885130594,True,True,True,0.0,0.0,0.5,3.0,0.15,SELP automaton accepts: no constraint violation,True,
2b9280b74f61,20260120_223437,2026-01-20T23:43:39.030075,2026-01-20T23:44:17.324783,selp_proper,S5,high,0.15,11,-0.9,1.0,0.0,allow,reject,False,False,0,0,0.09999999999999998,,False,False,0,0.0,38294.503927230835,38.29450988769531,0.0,False,0.0,0,REJECTING,False,0.0,0.0,full,2.427445696305278,0.44999999999999996,1.9541025384201474,0.023343157885130594,True,True,True,0.0,0.0,0.5,3.0,0.15,SELP automaton accepts: no constraint violation,True,
5f9d50511ce8,20260120_223437,2026-01-20T23:44:17.325304,2026-01-20T23:44:56.120629,selp_proper,S3,high,0.15,8,1.6,0.4,0.0,allow,allow,True,False,0,0,0.09999999999999987,,False,False,0,0.0,38795.08376121521,38.79509115219116,0.0,False,0.0,0,REJECTING,False,0.0,0.0,full,2.4274456959487343,0.44999999999999996,1.954102538063604,0.023343157885130594,True,True,True,0.0,0.0,0.5,3.0,0.15,SELP automaton accepts: no constraint violation,True,
91d04b61b043,20260120_223437,2026-01-20T23:44:56.172350,2026-01-20T23:45:32.510400,selp_proper,S6,low,0.15,9,1.0,0.1,0.0,allow,allow,True,False,0,0,0.6,,False,False,0,0.0,36337.820291519165,36.33782625198364,0.0,False,0.0,0,REJECTING,False,0.0,0.0,full,2.4274456956161545,0.44999999999999996,1.9541025377310244,0.023343157885130594,True,True,True,0.0,0.0,0.5,3.0,0.15,SELP automaton accepts: no constraint violation,True,
eb57ffab3ade,20260120_223437,2026-01-20T23:45:32.510781,2026-01-20T23:46:11.107768,selp_proper,S5,medium,0.15,8,-0.65,1.0,0.0,allow,reject,False,False,0,0,0.35,,False,False,0,0.0,38596.71640396118,38.596723794937134,0.0,False,0.0,0,REJECTING,False,0.0,0.0,full,2.427445695259223,0.44999999999999996,1.9541025373740926,0.023343157885130594,True,True,True,0.0,0.0,0.5,3.0,0.15,SELP automaton accepts: no constraint violation,True,
fe244f691b76,20260120_223437,2026-01-20T23:46:11.108132,2026-01-20T23:46:50.104786,selp_proper,S5,medium,0.15,3,-0.65,1.0,0.0,allow,reject,False,False,0,0,0.35,,False,False,0,0.0,38996.442556381226,38.9964485168457,0.0,False,0.0,0,REJECTING,False,0.0,0.0,full,2.427445694903388,0.44999999999999996,1.9541025370182572,0.023343157885130594,True,True,True,0.0,0.0,0.5,3.0,0.15,SELP automaton accepts: no constraint violation,True,
c99740baff6e,20260120_223437,2026-01-20T23:46:50.105223,2026-01-20T23:47:26.375200,selp_proper,S3,low,0.15,13,-2.0,-1.5,0.0,allow,allow,True,False,0,0,0.7663798731061706,,False,False,0,0.0,36269.64831352234,36.26965546607971,0.0,False,0.0,0,REJECTING,False,0.0,0.0,full,2.427445694573853,0.44999999999999996,1.954102536688723,0.023343157885130594,True,True,True,0.0,0.0,0.5,3.0,0.15,SELP automaton accepts: no constraint violation,True,
0aef65e120f6,20260120_223437,2026-01-20T23:47:26.375532,2026-01-20T23:48:05.170152,selp_proper,S6,extreme,0.15,2,1.0,-0.45,0.0,allow,reject,False,False,0,0,0.04999999999999999,,False,False,0,0.0,38794.358253479004,38.794366121292114,0.0,False,0.0,0,REJECTING,False,0.0,0.0,full,2.4274456942174885,0.44999999999999996,1.9541025363323583,0.023343157885130594,True,True,True,0.0,0.0,0.5,3.0,0.15,SELP automaton accepts: no constraint violation,True,
9dd7765bdf5f,20260120_223437,2026-01-20T23:48:05.184473,2026-01-20T23:48:44.066629,selp_proper,S1,low,0.15,15,1.0,0.9,0.0,allow,allow,True,False,0,0,0.6,,False,False,0,0.0,38881.88672065735,38.88189506530762,0.0,False,0.0,0,REJECTING,False,0.0,0.0,full,2.4274456938617908,0.44999999999999996,1.9541025359766606,0.023343157885130594,True,True,True,0.0,0.0,0.5,3.0,0.15,SELP automaton accepts: no constraint violation,True,
a774c1d7131a,20260120_223437,2026-01-20T23:48:44.066971,2026-01-20T23:49:24.347962,selp_proper,S4,low,0.15,9,1.0,0.1,0.0,allow,allow,True,False,0,0,0.6,,False,False,0,0.0,40280.75861930847,40.280766010284424,0.0,False,0.0,0,REJECTING,False,0.0,0.0,full,2.4274456935021567,0.44999999999999996,1.9541025356170263,0.023343157885130594,True,True,True,0.0,0.0,0.5,3.0,0.15,SELP automaton accepts: no constraint violation,True,
8031f8b75d46,20260120_223437,2026-01-20T23:49:24.348322,2026-01-20T23:50:01.256352,selp_proper,S3,extreme,0.15,4,0.4,1.4,0.0,allow,allow,True,False,0,0,0.14142135623730953,,False,False,0,0.0,36907.822370529175,36.907827854156494,0.0,False,0.0,0,REJECTING,False,0.0,0.0,full,2.4274456931488184,0.44999999999999996,1.954102535263688,0.023343157885130594,True,True,True,0.0,0.0,0.5,3.0,0.15,SELP automaton accepts: no constraint violation,True,
30d3fbef5425,20260120_223437,2026-01-20T23:50:01.256654,2026-01-20T23:50:37.644450,selp_proper,S7,medium,0.15,3,1.0,1.15,0.0,allow,reject,False,False,0,0,0.3500000000000001,,False,False,0,0.0,36387.58206367493,36.387587785720825,0.0,False,0.0,0,REJECTING,False,0.0,0.0,full,2.427445692827397,0.44999999999999996,1.9541025349422665,0.023343157885130594,True,True,True,0.0,0.0,0.5,3.0,0.15,SELP automaton accepts: no constraint violation,True,
d51cf12da5f8,20260120_223437,2026-01-20T23:50:37.644768,2026-01-20T23:51:14.934672,selp_proper,S6,extreme,0.15,11,1.0,-0.45,0.0,allow,reject,False,False,0,0,0.04999999999999999,,False,False,0,0.0,37289.7002696991,37.28970646858215,0.0,False,0.0,0,REJECTING,False,0.0,0.0,full,2.4274456924901386,0.44999999999999996,1.9541025346050085,0.023343157885130594,True,True,True,0.0,0.0,0.5,3.0,0.15,SELP automaton accepts: no constraint violation,True,
525457c02c19,20260120_223437,2026-01-20T23:51:14.987729,2026-01-20T23:51:51.282361,selp_proper,S7,high,0.15,18,1.0,1.4,0.0,allow,reject,False,False,0,0,0.7663798600700806,,False,False,0,0.0,36294.37565803528,36.29438304901123,0.0,False,0.0,0,REJECTING,False,0.0,0.0,full,2.427445692150429,0.44999999999999996,1.9541025342652985,0.023343157885130594,True,True,True,0.0,0.0,0.5,3.0,0.15,SELP automaton accepts: no constraint violation,True,
218c7827b10f,20260120_223437,2026-01-20T23:51:51.282660,2026-01-20T23:52:59.209109,selp_proper,S2,medium,0.15,13,1.0,1.15,0.0,allow,reject,False,False,0,0,0.7,,False,False,0,0.0,67926.20277404785,67.92620968818665,0.0,True,0.0,0,REJECTING,False,0.0,0.0,full,2.4274456913770237,0.44999999999999996,1.9541025334918933,0.023343157885130594,True,True,True,0.0,0.0,0.5,3.0,0.15,SELP automaton accepts: no constraint violation,True,
3ea40b1690e0,20260120_223437,2026-01-20T23:52:59.209601,2026-01-20T23:53:36.500421,selp_proper,S7,high,0.15,19,1.0,1.4,0.0,allow,reject,False,False,0,0,0.7663798548805651,,False,False,0,0.0,37290.61245918274,37.29061794281006,0.0,False,0.0,0,REJECTING,False,0.0,0.0,full,2.427445691169098,0.44999999999999996,1.9541025332839677,0.023343157885130594,True,True,True,0.0,0.0,0.5,3.0,0.15,SELP automaton accepts: no constraint violation,True,
cafd5a5c0162,20260120_223437,2026-01-20T23:53:36.500723,2026-01-20T23:54:20.111014,selp_proper,S4,medium,0.15,20,1.0,-0.15,0.0,allow,reject,False,False,0,0,0.35,,False,False,0,0.0,43610.09621620178,43.6101016998291,0.0,False,0.0,0,REJECTING,False,0.0,0.0,full,2.4274456907827293,0.44999999999999996,1.9541025328975987,0.023343157885130594,True,True,True,0.0,0.0,0.5,3.0,0.15,SELP automaton accepts: no constraint violation,True,
84358f005e54,20260120_223437,2026-01-20T23:54:20.111355,2026-01-20T23:54:59.611235,selp_proper,S5,high,0.15,17,-0.9,1.0,0.0,allow,reject,False,False,0,0,0.09999999999999998,,False,False,0,0.0,39499.59897994995,39.49960708618164,0.0,False,0.0,0,REJECTING,False,0.0,0.0,full,2.4274456904245376,0.44999999999999996,1.954102532539407,0.023343157885130594,True,True,True,0.0,0.0,0.5,3.0,0.15,SELP automaton accepts: no constraint violation,True,
08fe45c6cf18,20260120_223437,2026-01-20T23:54:59.626425,2026-01-20T23:55:10.123379,selp_proper,S5,extreme,0.15,3,-1.5,1.0,0.0,reject,reject,True,False,0,0,0.0,zone_B,False,False,0,0.0,10496.653079986572,10.496664047241211,0.0,False,0.0,0,REJECTING,False,0.0,0.0,full,2.4274456900657366,0.44999999999999996,1.9541025321806063,0.023343157885130594,True,True,True,0.0,0.0,0.5,3.0,0.15,SELP automaton rejects: proposition in_zone_B would become true,True,
89b71b889326,20260120_223437,2026-01-20T23:55:10.123701,2026-01-20T23:55:53.113035,selp_proper,S4,medium,0.15,16,1.0,-0.15,0.0,allow,reject,False,False,0,0,0.35,,False,False,0,0.0,42989.08305168152,42.98908996582031,0.0,False,0.0,0,REJECTING,False,0.0,0.0,full,2.4274456899137866,0.44999999999999996,1.9541025320286562,0.023343157885130594,True,True,True,0.0,0.0,0.5,3.0,0.15,SELP automaton accepts: no constraint violation,True,
8aa307411080,20260120_223437,2026-01-20T23:55:53.113439,2026-01-20T23:56:30.643978,selp_proper,S3,high,0.15,15,1.6,0.4,0.0,allow,allow,True,False,0,0,0.09999999999999987,,False,False,0,0.0,37530.29370307922,37.5303008556366,0.0,False,0.0,0,REJECTING,False,0.0,0.0,full,2.4274456895681102,0.44999999999999996,1.9541025316829799,0.023343157885130594,True,True,True,0.0,0.0,0.5,3.0,0.15,SELP automaton accepts: no constraint violation,True,
e4eaac0234cc,20260120_223437,2026-01-20T23:56:30.644372,2026-01-20T23:57:07.132180,selp_proper,S6,medium,0.15,8,1.0,-0.15,0.0,allow,reject,False,False,0,0,0.35,,False,False,0,0.0,36487.592697143555,36.48759889602661,0.0,False,0.0,0,REJECTING,False,0.0,0.0,full,2.4274456892364187,0.44999999999999996,1.9541025313512883,0.023343157885130594,True,True,True,0.0,0.0,0.5,3.0,0.15,SELP automaton accepts: no constraint violation,True,
bced30032438,20260120_223437,2026-01-20T23:57:07.132472,2026-01-20T23:57:44.123690,selp_proper,S7,medium,0.15,19,1.0,1.15,0.0,allow,reject,False,False,0,0,0.3500000000000001,,False,False,0,0.0,36991.0044670105,36.9910101890564,0.0,False,0.0,0,REJECTING,False,0.0,0.0,full,2.4274456889082257,0.44999999999999996,1.9541025310230953,0.023343157885130594,True,True,True,0.0,0.0,0.5,3.0,0.15,SELP automaton accepts: no constraint violation,True,
29cd07aaf96d,20260120_223437,2026-01-20T23:57:44.174021,2026-01-20T23:58:20.470919,selp_proper,S7,medium,0.15,20,1.0,1.15,0.0,allow,reject,False,False,0,0,0.3500000000000001,,False,False,0,0.0,36296.66709899902,36.2966742515564,0.0,False,0.0,0,REJECTING,False,0.0,0.0,full,2.427445688568599,0.44999999999999996,1.9541025306834687,0.023343157885130594,True,True,True,0.0,0.0,0.5,3.0,0.15,SELP automaton accepts: no constraint violation,True,
6f1afb85fd51,20260120_223437,2026-01-20T23:58:20.471238,2026-01-20T23:58:58.762635,selp_proper,S6,extreme,0.15,18,1.0,-0.45,0.0,allow,reject,False,False,0,0,0.04999999999999999,,False,False,0,0.0,38291.19324684143,38.29119873046875,0.0,False,0.0,0,REJECTING,False,0.0,0.0,full,2.4274456882372464,0.44999999999999996,1.954102530352116,0.023343157885130594,True,True,True,0.0,0.0,0.5,3.0,0.15,SELP automaton accepts: no constraint violation,True,
3c7a5158da5b,20260120_223437,2026-01-20T23:58:58.762940,2026-01-20T23:59:08.773268,selp_proper,S5,extreme,0.15,6,-1.5,1.0,0.0,reject,reject,True,False,0,0,0.0,zone_B,False,False,0,0.0,10010.109901428223,10.0101158618927,0.0,False,0.0,0,REJECTING,False,0.0,0.0,full,2.4274456882372464,0.44999999999999996,1.954102530352116,0.023343157885130594,True,True,True,0.0,0.0,0.5,3.0,0.15,SELP automaton rejects: proposition in_zone_B would become true,True,
a36331029a0b,20260120_223437,2026-01-20T23:59:08.773678,2026-01-20T23:59:46.642820,selp_proper,S3,medium,0.15,15,0.0,0.0,0.0,allow,allow,True,False,0,0,0.7071067811865476,,False,False,0,0.0,37868.85738372803,37.868865728378296,0.0,False,0.0,0,REJECTING,False,0.0,0.0,full,2.4274456882372464,0.44999999999999996,1.954102530352116,0.023343157885130594,True,True,True,0.0,0.0,0.5,3.0,0.15,SELP automaton accepts: no constraint violation,True,
e3806e51b312,20260120_223437,2026-01-20T23:59:46.643228,2026-01-21T00:00:29.132393,selp_proper,S4,high,0.15,15,1.0,-0.4,0.0,allow,reject,False,False,0,0,0.09999999999999998,,False,False,0,0.0,42488.93404006958,42.488940954208374,0.0,False,0.0,0,REJECTING,False,0.0,0.0,full,2.4274456882372464,0.44999999999999996,1.954102530352116,0.023343157885130594,True,True,True,0.0,0.0,0.5,3.0,0.15,SELP automaton accepts: no constraint violation,True,
f0fe586a1cb5,20260120_223437,2026-01-21T00:00:29.147198,2026-01-21T00:01:08.147229,selp_proper,S6,high,0.15,11,1.0,-0.4,0.0,allow,reject,False,False,0,0,0.09999999999999998,,False,False,0,0.0,38999.76992607117,38.99977779388428,0.0,False,0.0,0,REJECTING,False,0.0,0.0,full,2.4274456882372464,0.44999999999999996,1.954102530352116,0.023343157885130594,True,True,True,0.0,0.0,0.5,3.0,0.15,SELP automaton accepts: no constraint violation,True,
1dd8a6c9339d,20260120_223437,2026-01-21T00:01:08.147598,2026-01-21T00:01:47.140962,selp_proper,S6,medium,0.15,19,1.0,-0.15,0.0,allow,reject,False,False,0,0,0.35,,False,False,0,0.0,38993.13282966614,38.99314069747925,0.0,False,0.0,0,REJECTING,False,0.0,0.0,full,2.4274456882372464,0.44999999999999996,1.954102530352116,0.023343157885130594,True,True,True,0.0,0.0,0.5,3.0,0.15,SELP automaton accepts: no constraint violation,True,
bdb8a35a2f67,20260120_223437,2026-01-21T00:01:47.141445,2026-01-21T00:02:23.426256,selp_proper,S1,low,0.15,11,1.0,0.9,0.0,allow,allow,True,False,0,0,0.6,,False,False,0,0.0,36284.58499908447,36.28459119796753,0.0,False,0.0,0,REJECTING,False,0.0,0.0,full,2.4274456882372464,0.44999999999999996,1.954102530352116,0.023343157885130594,True,True,True,0.0,0.0,0.5,3.0,0.15,SELP automaton accepts: no constraint violation,True,
d7b9e0729587,20260120_223437,2026-01-21T00:02:23.426552,2026-01-21T00:03:01.718271,selp_proper,S5,medium,0.15,17,-0.65,1.0,0.0,allow,reject,False,False,0,0,0.35,,False,False,0,0.0,38291.471004486084,38.29147720336914,0.0,False,0.0,0,REJECTING,False,0.0,0.0,full,2.4274456882372464,0.44999999999999996,1.954102530352116,0.023343157885130594,True,True,True,0.0,0.0,0.5,3.0,0.15,SELP automaton accepts: no constraint violation,True,
be2fdd7b66b2,20260120_223437,2026-01-21T00:03:01.718863,2026-01-21T00:03:44.103730,selp_proper,S4,high,0.15,20,1.0,-0.4,0.0,allow,reject,False,False,0,0,0.09999999999999998,,False,False,0,0.0,42384.63521003723,42.384641885757446,0.0,False,0.0,0,REJECTING,False,0.0,0.0,full,2.4274456882372464,0.44999999999999996,1.954102530352116,0.023343157885130594,True,True,True,0.0,0.0,0.5,3.0,0.15,SELP automaton accepts: no constraint violation,True,
ba77b2a358f4,20260120_223437,2026-01-21T00:03:44.157612,2026-01-21T00:04:21.693604,selp_proper,S7,extreme,0.15,2,1.0,2.0,0.0,allow,reject,False,False,0,0,0.7663798406204814,,False,False,0,0.0,37535.70222854614,37.53571128845215,0.0,False,0.0,0,REJECTING,False,0.0,0.0,full,2.4274456882372464,0.44999999999999996,1.954102530352116,0.023343157885130594,True,True,True,0.0,0.0,0.5,3.0,0.15,SELP automaton accepts: no constraint violation,True,
c47dc1e14b9a,20260120_223437,2026-01-21T00:04:21.694053,2026-01-21T00:05:29.214563,selp_proper,S2,medium,0.15,6,1.0,1.15,0.0,allow,reject,False,False,0,0,0.7,,False,False,0,0.0,67520.29943466187,67.52030563354492,0.0,True,0.0,0,REJECTING,False,0.0,0.0,full,2.4274456882372464,0.44999999999999996,1.954102530352116,0.023343157885130594,True,True,True,0.0,0.0,0.5,3.0,0.15,SELP automaton accepts: no constraint violation,True,
f8203f5d372c,20260120_223437,2026-01-21T00:05:29.215049,2026-01-21T00:06:06.203752,selp_proper,S1,medium,0.15,12,1.0,1.15,0.0,allow,reject,False,False,0,0,0.3500000000000001,,False,False,0,0.0,36988.45815658569,36.98846483230591,0.0,False,0.0,0,REJECTING,False,0.0,0.0,full,2.4274456882372464,0.44999999999999996,1.954102530352116,0.023343157885130594,True,True,True,0.0,0.0,0.5,3.0,0.15,SELP automaton accepts: no constraint violation,True,
59acb6be1613,20260120_223437,2026-01-21T00:06:06.204123,2026-01-21T00:06:44.094466,selp_proper,S7,low,0.15,8,1.0,0.9,0.0,allow,allow,True,False,0,0,0.7663798406204814,,False,False,0,0.0,37890.10429382324,37.890111446380615,0.0,False,0.0,0,REJECTING,False,0.0,0.0,full,2.4274456882372464,0.44999999999999996,1.954102530352116,0.023343157885130594,True,True,True,0.0,0.0,0.5,3.0,0.15,SELP automaton accepts: no constraint violation,True,
ac02ec5acf64,20260120_223437,2026-01-21T00:06:44.094847,2026-01-21T00:07:20.381628,selp_proper,S3,extreme,0.15,19,0.4,1.4,0.0,allow,allow,True,False,0,0,0.14142135623730953,,False,False,0,0.0,36286.53621673584,36.28654408454895,0.0,False,0.0,0,REJECTING,False,0.0,0.0,full,2.4274456882372464,0.44999999999999996,1.954102530352116,0.023343157885130594,True,True,True,0.0,0.0,0.5,3.0,0.15,SELP automaton accepts: no constraint violation,True,
a08e0d57ef77,20260120_223437,2026-01-21T00:07:20.395322,2026-01-21T00:08:02.446086,selp_proper,S4,medium,0.15,18,1.0,-0.15,0.0,allow,reject,False,False,0,0,0.35,,False,False,0,0.0,42050.51136016846,42.05051827430725,0.0,False,0.0,0,REJECTING,False,0.0,0.0,full,2.4274456882372464,0.44999999999999996,1.954102530352116,0.023343157885130594,True,True,True,0.0,0.0,0.5,3.0,0.15,SELP automaton accepts: no constraint violation,True,
0582466fae26,20260120_223437,2026-01-21T00:08:02.446499,2026-01-21T00:08:39.395091,selp_proper,S3,low,0.15,10,-2.0,-1.5,0.0,allow,allow,True,False,0,0,0.7663798406204814,,False,False,0,0.0,36948.26865196228,36.94827485084534,0.0,False,0.0,0,REJECTING,False,0.0,0.0,full,2.4274456882372464,0.44999999999999996,1.954102530352116,0.023343157885130594,True,True,True,0.0,0.0,0.5,3.0,0.15,SELP automaton accepts: no constraint violation,True,
fbd2b1e6f351,20260120_223437,2026-01-21T00:08:39.395542,2026-01-21T00:09:15.679993,selp_proper,S3,high,0.15,13,1.6,0.4,0.0,allow,allow,True,False,0,0,0.09999999999999987,,False,False,0,0.0,36284.228563308716,36.28423547744751,0.0,False,0.0,0,REJECTING,False,0.0,0.0,full,2.4274456882372464,0.44999999999999996,1.954102530352116,0.023343157885130594,True,True,True,0.0,0.0,0.5,3.0,0.15,SELP automaton accepts: no constraint violation,True,
a89bd31b3731,20260120_223437,2026-01-21T00:09:15.680494,2026-01-21T00:09:52.948394,selp_proper,S7,high,0.15,15,1.0,1.4,0.0,allow,reject,False,False,0,0,0.7663798406204814,,False,False,0,0.0,37267.60458946228,37.2676157951355,0.0,False,0.0,0,REJECTING,False,0.0,0.0,full,2.4274456882372464,0.44999999999999996,1.954102530352116,0.023343157885130594,True,True,True,0.0,0.0,0.5,3.0,0.15,SELP automaton accepts: no constraint violation,True,
09de60038c42,20260120_223437,2026-01-21T00:09:52.948817,2026-01-21T00:10:32.143567,selp_proper,S5,high,0.15,2,-0.9,1.0,0.0,allow,reject,False,False,0,0,0.09999999999999998,,False,False,0,0.0,39194.54741477966,39.19455337524414,0.0,False,0.0,0,REJECTING,False,0.0,0.0,full,2.4274456882372464,0.44999999999999996,1.954102530352116,0.023343157885130594,True,True,True,0.0,0.0,0.5,3.0,0.15,SELP automaton accepts: no constraint violation,True,
ddabd739f6ac,20260120_223437,2026-01-21T00:10:32.198209,2026-01-21T00:10:40.989323,selp_proper,S1,extreme,0.15,19,1.0,2.0,0.0,reject,reject,True,False,0,0,0.0,zone_A,False,False,0,0.0,8790.798902511597,8.79080581665039,0.0,False,0.0,0,REJECTING,False,0.0,0.0,full,2.4274456882372464,0.44999999999999996,1.954102530352116,0.023343157885130594,True,True,True,0.0,0.0,0.5,3.0,0.15,SELP automaton rejects: proposition in_zone_A would become true,True,
69f235a00385,20260120_223437,2026-01-21T00:10:40.989657,2026-01-21T00:11:19.824398,selp_proper,S5,medium,0.15,16,-0.65,1.0,0.0,allow,reject,False,False,0,0,0.35,,False,False,0,0.0,38834.51700210571,38.83452343940735,0.0,False,0.0,0,REJECTING,False,0.0,0.0,full,2.4274456882372464,0.44999999999999996,1.954102530352116,0.023343157885130594,True,True,True,0.0,0.0,0.5,3.0,0.15,SELP automaton accepts: no constraint violation,True,
15c4ee158f00,20260120_223437,2026-01-21T00:11:19.824820,2026-01-21T00:11:56.212554,selp_proper,S3,medium,0.15,17,0.0,0.0,0.0,allow,allow,True,False,0,0,0.7071067811865476,,False,False,0,0.0,36387.49694824219,36.38750338554382,0.0,False,0.0,0,REJECTING,False,0.0,0.0,full,2.4274456882372464,0.44999999999999996,1.954102530352116,0.023343157885130594,True,True,True,0.0,0.0,0.5,3.0,0.15,SELP automaton accepts: no constraint violation,True,
9e61ac028333,20260120_223437,2026-01-21T00:11:56.212866,2026-01-21T00:13:03.508722,selp_proper,S2,medium,0.15,19,1.0,1.15,0.0,allow,reject,False,False,0,0,0.7,,False,False,0,0.0,67295.66407203674,67.29566979408264,0.0,True,0.0,0,REJECTING,False,0.0,0.0,full,2.4274456882372464,0.44999999999999996,1.954102530352116,0.023343157885130594,True,True,True,0.0,0.0,0.5,3.0,0.15,SELP automaton accepts: no constraint violation,True,
5a3039823360,20260120_223437,2026-01-21T00:13:03.509087,2026-01-21T00:13:10.991105,selp_proper,S1,extreme,0.15,18,1.0,2.0,0.0,reject,reject,True,False,0,0,0.0,zone_A,False,False,0,0.0,7481.781721115112,7.481788635253906,0.0,False,0.0,0,REJECTING,False,0.0,0.0,full,2.4274456882372464,0.44999999999999996,1.954102530352116,0.023343157885130594,True,True,True,0.0,0.0,0.5,3.0,0.15,SELP automaton rejects: proposition in_zone_A would become true,True,
e1eaf9f3c1ea,20260120_223437,2026-01-21T00:13:11.005172,2026-01-21T00:13:19.796945,selp_proper,S1,extreme,0.15,11,1.0,2.0,0.0,reject,reject,True,False,0,0,0.0,zone_A,False,False,0,0.0,8791.491508483887,8.791500091552734,0.0,False,0.0,0,REJECTING,False,0.0,0.0,full,2.4274456882372464,0.44999999999999996,1.954102530352116,0.023343157885130594,True,True,True,0.0,0.0,0.5,3.0,0.15,SELP automaton rejects: proposition in_zone_A would become true,True,
c07c4464f3dc,20260120_223437,2026-01-21T00:13:19.797271,2026-01-21T00:13:56.204136,selp_proper,S1,high,0.15,2,1.0,1.4,0.0,allow,reject,False,False,0,0,0.10000000000000009,,False,False,0,0.0,36406.653881073,36.406660318374634,0.0,False,0.0,0,REJECTING,False,0.0,0.0,full,2.4274456882372464,0.44999999999999996,1.954102530352116,0.023343157885130594,True,True,True,0.0,0.0,0.5,3.0,0.15,SELP automaton accepts: no constraint violation,True,
a01c1c38358e,20260120_223437,2026-01-21T00:13:56.204443,2026-01-21T00:14:38.590357,selp_proper,S4,medium,0.15,17,1.0,-0.15,0.0,allow,reject,False,False,0,0,0.35,,False,False,0,0.0,42385.66732406616,42.38567352294922,0.0,False,0.0,0,REJECTING,False,0.0,0.0,full,2.4274456882372464,0.44999999999999996,1.954102530352116,0.023343157885130594,True,True,True,0.0,0.0,0.5,3.0,0.15,SELP automaton accepts: no constraint violation,True,
50375bc543f9,20260120_223437,2026-01-21T00:14:38.590786,2026-01-21T00:15:17.184096,selp_proper,S6,high,0.15,18,1.0,-0.4,0.0,allow,reject,False,False,0,0,0.09999999999999998,,False,False,0,0.0,38592.98276901245,38.59298872947693,0.0,False,0.0,0,REJECTING,False,0.0,0.0,full,2.4274456882372464,0.44999999999999996,1.954102530352116,0.023343157885130594,True,True,True,0.0,0.0,0.5,3.0,0.15,SELP automaton accepts: no constraint violation,True,
1f102f1558c1,20260120_223437,2026-01-21T00:15:17.184554,2026-01-21T00:15:54.091270,selp_proper,S3,low,0.15,4,-2.0,-1.5,0.0,allow,allow,True,False,0,0,0.7663798406204814,,False,False,0,0.0,36906.50463104248,36.90651059150696,0.0,False,0.0,0,REJECTING,False,0.0,0.0,full,2.4274456882372464,0.44999999999999996,1.954102530352116,0.023343157885130594,True,True,True,0.0,0.0,0.5,3.0,0.15,SELP automaton accepts: no constraint violation,True,
92ab82ca6c93,20260120_223437,2026-01-21T00:15:54.143231,2026-01-21T00:16:30.435084,selp_proper,S3,low,0.15,12,-2.0,-1.5,0.0,allow,allow,True,False,0,0,0.7663798406204814,,False,False,0,0.0,36291.61500930786,36.291621923446655,0.0,False,0.0,0,REJECTING,False,0.0,0.0,full,2.4274456882372464,0.44999999999999996,1.954102530352116,0.023343157885130594,True,True,True,0.0,0.0,0.5,3.0,0.15,SELP automaton accepts: no constraint violation,True,
b9621f7b10ad,20260120_223437,2026-01-21T00:16:30.435498,2026-01-21T00:17:53.172603,selp_proper,S2,high,0.15,1,1.0,1.4,0.0,allow,reject,False,False,0,0,0.6000000000000001,,False,False,0,0.0,82736.90295219421,82.73690938949585,0.0,True,0.0,0,REJECTING,False,0.0,0.0,full,2.4274456882372464,0.44999999999999996,1.954102530352116,0.023343157885130594,True,True,True,0.0,0.0,0.5,3.0,0.15,SELP automaton accepts: no constraint violation,True,
00cac402da39,20260120_223437,2026-01-21T00:17:53.172943,2026-01-21T00:19:14.514752,selp_proper,S2,extreme,0.15,7,1.0,2.0,0.0,allow,reject,False,False,0,0,0.09999999999999987,,False,False,0,0.0,81341.552734375,81.34155917167664,0.0,True,0.0,0,REJECTING,False,0.0,0.0,full,2.4274456882372464,0.44999999999999996,1.954102530352116,0.023343157885130594,True,True,True,0.0,0.0,0.5,3.0,0.15,SELP automaton accepts: no constraint violation,True,
e979895c2575,20260120_223437,2026-01-21T00:19:14.515313,2026-01-21T00:19:53.030636,selp_proper,S5,high,0.15,6,-0.9,1.0,0.0,allow,reject,False,False,0,0,0.09999999999999998,,False,False,0,0.0,38515.06471633911,38.515074014663696,0.0,False,0.0,0,REJECTING,False,0.0,0.0,full,2.4274456882372464,0.44999999999999996,1.954102530352116,0.023343157885130594,True,True,True,0.0,0.0,0.5,3.0,0.15,SELP automaton accepts: no constraint violation,True,
4d6ee5de1544,20260120_223437,2026-01-21T00:19:53.031149,2026-01-21T00:20:29.642578,selp_proper,S1,medium,0.15,20,1.0,1.15,0.0,allow,reject,False,False,0,0,0.3500000000000001,,False,False,0,0.0,36611.19103431702,36.61119723320007,0.0,False,0.0,0,REJECTING,False,0.0,0.0,full,2.4274456882372464,0.44999999999999996,1.954102530352116,0.023343157885130594,True,True,True,0.0,0.0,0.5,3.0,0.15,SELP automaton accepts: no constraint violation,True,
83b615212c3b,20260120_223437,2026-01-21T00:20:29.658136,2026-01-21T00:21:53.492216,selp_proper,S2,extreme,0.15,1,1.0,2.0,0.0,allow,reject,False,False,0,0,0.09999999999999987,,False,False,0,0.0,83833.76240730286,83.83376908302307,0.0,True,0.0,0,REJECTING,False,0.0,0.0,full,2.4274456882372464,0.44999999999999996,1.954102530352116,0.023343157885130594,True,True,True,0.0,0.0,0.5,3.0,0.15,SELP automaton accepts: no constraint violation,True,
2fbfcd0fdef7,20260120_223437,2026-01-21T00:21:53.492779,2026-01-21T00:23:17.838832,selp_proper,S2,high,0.15,3,1.0,1.4,0.0,allow,reject,False,False,0,0,0.6000000000000001,,False,False,0,0.0,84345.8309173584,84.34583735466003,0.0,True,0.0,0,REJECTING,False,0.0,0.0,full,2.4274456882372464,0.44999999999999996,1.954102530352116,0.023343157885130594,True,True,True,0.0,0.0,0.5,3.0,0.15,SELP automaton accepts: no constraint violation,True,
e6f485518cda,20260120_223437,2026-01-21T00:23:17.839266,2026-01-21T00:23:58.052547,selp_proper,S5,low,0.15,1,-0.4,1.0,0.0,allow,allow,True,False,0,0,0.6,,False,False,0,0.0,40213.06324005127,40.21306896209717,0.0,False,0.0,0,REJECTING,False,0.0,0.0,full,2.4274456882372464,0.44999999999999996,1.954102530352116,0.023343157885130594,True,True,True,0.0,0.0,0.5,3.0,0.15,SELP automaton accepts: no constraint violation,True,
9e3c8cefb32a,20260120_223437,2026-01-21T00:23:58.052995,2026-01-21T00:24:34.466896,selp_proper,S7,low,0.15,17,1.0,0.9,0.0,allow,allow,True,False,0,0,0.7663798406204814,,False,False,0,0.0,36413.66171836853,36.413668155670166,0.0,False,0.0,0,REJECTING,False,0.0,0.0,full,2.4274456882372464,0.44999999999999996,1.954102530352116,0.023343157885130594,True,True,True,0.0,0.0,0.5,3.0,0.15,SELP automaton accepts: no constraint violation,True,
fdaa663fe2ac,20260120_223437,2026-01-21T00:24:34.467390,2026-01-21T00:25:17.997354,selp_proper,S4,high,0.15,4,1.0,-0.4,0.0,allow,reject,False,False,0,0,0.09999999999999998,,False,False,0,0.0,43529.73031997681,43.529738426208496,0.0,False,0.0,0,REJECTING,False,0.0,0.0,full,2.4274456882372464,0.44999999999999996,1.954102530352116,0.023343157885130594,True,True,True,0.0,0.0,0.5,3.0,0.15,SELP automaton accepts: no constraint violation,True,
aed204114161,20260120_223437,2026-01-21T00:25:18.057532,2026-01-21T00:25:59.764850,selp_proper,S4,medium,0.15,6,1.0,-0.15,0.0,allow,reject,False,False,0,0,0.35,,False,False,0,0.0,41707.01098442078,41.70702075958252,0.0,False,0.0,0,REJECTING,False,0.0,0.0,full,2.4274456882372464,0.44999999999999996,1.954102530352116,0.023343157885130594,True,True,True,0.0,0.0,0.5,3.0,0.15,SELP automaton accepts: no constraint violation,True,
aaf5d1f8f462,20260120_223437,2026-01-21T00:25:59.765345,2026-01-21T00:26:37.073449,selp_proper,S3,low,0.15,3,-2.0,-1.5,0.0,allow,allow,True,False,0,0,0.7663798406204814,,False,False,0,0.0,37307.8453540802,37.307854652404785,0.0,False,0.0,0,REJECTING,False,0.0,0.0,full,2.4274456882372464,0.44999999999999996,1.954102530352116,0.023343157885130594,True,True,True,0.0,0.0,0.5,3.0,0.15,SELP automaton accepts: no constraint violation,True,
7147fd3313cb,20260120_223437,2026-01-21T00:26:37.073778,2026-01-21T00:27:14.567839,selp_proper,S6,high,0.15,17,1.0,-0.4,0.0,allow,reject,False,False,0,0,0.09999999999999998,,False,False,0,0.0,37493.85118484497,37.49385738372803,0.0,False,0.0,0,REJECTING,False,0.0,0.0,full,2.4274456882372464,0.44999999999999996,1.954102530352116,0.023343157885130594,True,True,True,0.0,0.0,0.5,3.0,0.15,SELP automaton accepts: no constraint violation,True,
3d20e30ca1e7,20260120_223437,2026-01-21T00:27:14.568187,2026-01-21T00:27:50.887970,selp_proper,S7,medium,0.15,17,1.0,1.15,0.0,allow,reject,False,False,0,0,0.3500000000000001,,False,False,0,0.0,36319.55146789551,36.31955814361572,0.0,False,0.0,0,REJECTING,False,0.0,0.0,full,2.4274456882372464,0.44999999999999996,1.954102530352116,0.023343157885130594,True,True,True,0.0,0.0,0.5,3.0,0.15,SELP automaton accepts: no constraint violation,True,
e86c99170169,20260120_223437,2026-01-21T00:27:50.888329,2026-01-21T00:28:29.763845,selp_proper,S6,high,0.15,14,1.0,-0.4,0.0,allow,reject,False,False,0,0,0.09999999999999998,,False,False,0,0.0,38875.2498626709,38.875258922576904,0.0,False,0.0,0,REJECTING,False,0.0,0.0,full,2.4274456882372464,0.44999999999999996,1.954102530352116,0.023343157885130594,True,True,True,0.0,0.0,0.5,3.0,0.15,SELP automaton accepts: no constraint violation,True,
5b88969238de,20260120_223437,2026-01-21T00:28:29.778976,2026-01-21T00:29:08.164278,selp_proper,S5,low,0.15,5,-0.4,1.0,0.0,allow,allow,True,False,0,0,0.6,,False,False,0,0.0,38385.01214981079,38.38501977920532,0.0,False,0.0,0,REJECTING,False,0.0,0.0,full,2.4274456882372464,0.44999999999999996,1.954102530352116,0.023343157885130594,True,True,True,0.0,0.0,0.5,3.0,0.15,SELP automaton accepts: no constraint violation,True,
0478771e2ccd,20260120_223437,2026-01-21T00:29:08.164696,2026-01-21T00:29:46.730423,selp_proper,S7,high,0.15,10,1.0,1.4,0.0,allow,reject,False,False,0,0,0.7663798406204814,,False,False,0,0.0,38565.40513038635,38.565412282943726,0.0,False,0.0,0,REJECTING,False,0.0,0.0,full,2.4274456882372464,0.44999999999999996,1.954102530352116,0.023343157885130594,True,True,True,0.0,0.0,0.5,3.0,0.15,SELP automaton accepts: no constraint violation,True,
d6b0dc268e1b,20260120_223437,2026-01-21T00:29:46.730823,2026-01-21T00:31:11.703106,selp_proper,S2,high,0.15,17,1.0,1.4,0.0,allow,reject,False,False,0,0,0.6000000000000001,,False,False,0,0.0,84972.0652103424,84.9720721244812,0.0,True,0.0,0,REJECTING,False,0.0,0.0,full,2.4274456882372464,0.44999999999999996,1.954102530352116,0.023343157885130594,True,True,True,0.0,0.0,0.5,3.0,0.15,SELP automaton accepts: no constraint violation,True,
378b1e693f53,20260120_223437,2026-01-21T00:31:11.703484,2026-01-21T00:31:49.875214,selp_proper,S6,extreme,0.15,8,1.0,-0.45,0.0,allow,reject,False,False,0,0,0.04999999999999999,,False,False,0,0.0,38171.49376869202,38.171499729156494,0.0,False,0.0,0,REJECTING,False,0.0,0.0,full,2.4274456882372464,0.44999999999999996,1.954102530352116,0.023343157885130594,True,True,True,0.0,0.0,0.5,3.0,0.15,SELP automaton accepts: no constraint violation,True,
7f3e3107f9e2,20260120_223437,2026-01-21T00:31:49.875633,2026-01-21T00:33:13.421885,selp_proper,S2,high,0.15,5,1.0,1.4,0.0,allow,reject,False,False,0,0,0.6000000000000001,,False,False,0,0.0,83545.99118232727,83.5459988117218,0.0,True,0.0,0,REJECTING,False,0.0,0.0,full,2.4274456882372464,0.44999999999999996,1.954102530352116,0.023343157885130594,True,True,True,0.0,0.0,0.5,3.0,0.15,SELP automaton accepts: no constraint violation,True,
c70ae1db0632,20260120_223437,2026-01-21T00:33:13.479550,2026-01-21T00:33:54.265271,selp_proper,S4,low,0.15,16,1.0,0.1,0.0,allow,allow,True,False,0,0,0.6,,False,False,0,0.0,40785.4425907135,40.785452127456665,0.0,False,0.0,0,REJECTING,False,0.0,0.0,full,2.4274456882372464,0.44999999999999996,1.954102530352116,0.023343157885130594,True,True,True,0.0,0.0,0.5,3.0,0.15,SELP automaton accepts: no constraint violation,True,
756dbba3abb7,20260120_223437,2026-01-21T00:33:54.265968,2026-01-21T00:34:33.455409,selp_proper,S1,high,0.15,12,1.0,1.4,0.0,allow,reject,False,False,0,0,0.10000000000000009,,False,False,0,0.0,39189.09239768982,39.18910789489746,0.0,False,0.0,0,REJECTING,False,0.0,0.0,full,2.4274456882372464,0.44999999999999996,1.954102530352116,0.023343157885130594,True,True,True,0.0,0.0,0.5,3.0,0.15,SELP automaton accepts: no constraint violation,True,
f3ac603efe57,20260120_223437,2026-01-21T00:34:33.455806,2026-01-21T00:35:13.632075,selp_proper,S6,extreme,0.15,16,1.0,-0.45,0.0,allow,reject,False,False,0,0,0.04999999999999999,,False,False,0,0.0,40176.058530807495,40.17606472969055,0.0,False,0.0,0,REJECTING,False,0.0,0.0,full,2.4274456882372464,0.44999999999999996,1.954102530352116,0.023343157885130594,True,True,True,0.0,0.0,0.5,3.0,0.15,SELP automaton accepts: no constraint violation,True,
c15f83ab1646,20260120_223437,2026-01-21T00:35:13.632395,2026-01-21T00:35:52.863147,selp_proper,S7,high,0.15,11,1.0,1.4,0.0,allow,reject,False,False,0,0,0.7663798406204814,,False,False,0,0.0,39230.438232421875,39.23044443130493,0.0,False,0.0,0,REJECTING,False,0.0,0.0,full,2.4274456882372464,0.44999999999999996,1.954102530352116,0.023343157885130594,True,True,True,0.0,0.0,0.5,3.0,0.15,SELP automaton accepts: no constraint violation,True,
c41a9f198342,20260120_223437,2026-01-21T00:35:52.863610,2026-01-21T00:36:31.212548,selp_proper,S3,medium,0.15,1,0.0,0.0,0.0,allow,allow,True,False,0,0,0.7071067811865476,,False,False,0,0.0,38348.712682724,38.348719358444214,0.0,False,0.0,0,REJECTING,False,0.0,0.0,full,2.4274456882372464,0.44999999999999996,1.954102530352116,0.023343157885130594,True,True,True,0.0,0.0,0.5,3.0,0.15,SELP automaton accepts: no constraint violation,True,
52b3c857d2f8,20260120_223437,2026-01-21T00:36:31.227356,2026-01-21T00:37:08.343429,selp_proper,S6,medium,0.15,16,1.0,-0.15,0.0,allow,reject,False,False,0,0,0.35,,False,False,0,0.0,37115.83423614502,37.115840911865234,0.0,False,0.0,0,REJECTING,False,0.0,0.0,full,2.4274456882372464,0.44999999999999996,1.954102530352116,0.023343157885130594,True,True,True,0.0,0.0,0.5,3.0,0.15,SELP automaton accepts: no constraint violation,True,
0824118e9952,20260120_223437,2026-01-21T00:37:08.343769,2026-01-21T00:38:17.560058,selp_proper,S2,medium,0.15,10,1.0,1.15,0.0,allow,reject,False,False,0,0,0.7,,False,False,0,0.0,69216.0165309906,69.21602320671082,0.0,True,0.0,0,REJECTING,False,0.0,0.0,full,2.4274456882372464,0.44999999999999996,1.954102530352116,0.023343157885130594,True,True,True,0.0,0.0,0.5,3.0,0.15,SELP automaton accepts: no constraint violation,True,
6079b24e42d2,20260120_223437,2026-01-21T00:38:17.560527,2026-01-21T00:39:41.693567,selp_proper,S2,extreme,0.15,12,1.0,2.0,0.0,allow,reject,False,False,0,0,0.09999999999999987,,False,False,0,0.0,84132.80820846558,84.13281536102295,0.0,True,0.0,0,REJECTING,False,0.0,0.0,full,2.4274456882372464,0.44999999999999996,1.954102530352116,0.023343157885130594,True,True,True,0.0,0.0,0.5,3.0,0.15,SELP automaton accepts: no constraint violation,True,
41a014264b4a,20260120_223437,2026-01-21T00:39:41.694093,2026-01-21T00:40:29.202890,selp_proper,S4,low,0.15,10,1.0,0.1,0.0,allow,allow,True,False,0,0,0.6,,False,False,0,0.0,47508.514642715454,47.5085232257843,0.0,False,0.0,0,REJECTING,False,0.0,0.0,full,2.4274456882372464,0.44999999999999996,1.954102530352116,0.023343157885130594,True,True,True,0.0,0.0,0.5,3.0,0.15,SELP automaton accepts: no constraint violation,True,
cac4efe4cebd,20260120_223437,2026-01-21T00:40:29.203526,2026-01-21T00:41:08.439007,selp_proper,S6,low,0.15,10,1.0,0.1,0.0,allow,allow,True,False,0,0,0.6,,False,False,0,0.0,39235.151529312134,39.23516058921814,0.0,False,0.0,0,REJECTING,False,0.0,0.0,full,2.4274456882372464,0.44999999999999996,1.954102530352116,0.023343157885130594,True,True,True,0.0,0.0,0.5,3.0,0.15,SELP automaton accepts: no constraint violation,True,
b95a82d70923,20260120_223437,2026-01-21T00:41:08.497407,2026-01-21T00:41:47.662862,selp_proper,S7,medium,0.15,7,1.0,1.15,0.0,allow,reject,False,False,0,0,0.3500000000000001,,False,False,0,0.0,39165.162801742554,39.16517162322998,0.0,False,0.0,0,REJECTING,False,0.0,0.0,full,2.4274456882372464,0.44999999999999996,1.954102530352116,0.023343157885130594,True,True,True,0.0,0.0,0.5,3.0,0.15,SELP automaton accepts: no constraint violation,True,
375290560098,20260120_223437,2026-01-21T00:41:47.663344,2026-01-21T00:42:02.458327,selp_proper,S5,extreme,0.15,14,-1.5,1.0,0.0,reject,reject,True,False,0,0,0.0,zone_B,False,False,0,0.0,14794.731140136719,14.794739246368408,0.0,False,0.0,0,REJECTING,False,0.0,0.0,full,2.4274456882372464,0.44999999999999996,1.954102530352116,0.023343157885130594,True,True,True,0.0,0.0,0.5,3.0,0.15,SELP automaton rejects: proposition in_zone_B would become true,True,
2b7535e7f672,20260120_223437,2026-01-21T00:42:02.458719,2026-01-21T00:42:41.126527,selp_proper,S3,medium,0.15,20,0.0,0.0,0.0,allow,allow,True,False,0,0,0.7071067811865476,,False,False,0,0.0,38667.508363723755,38.66751837730408,0.0,False,0.0,0,REJECTING,False,0.0,0.0,full,2.4274456882372464,0.44999999999999996,1.954102530352116,0.023343157885130594,True,True,True,0.0,0.0,0.5,3.0,0.15,SELP automaton accepts: no constraint violation,True,
0b63777c9021,20260120_223437,2026-01-21T00:42:41.126930,2026-01-21T00:43:21.434838,selp_proper,S6,medium,0.15,5,1.0,-0.15,0.0,allow,reject,False,False,0,0,0.35,,False,False,0,0.0,40307.684659957886,40.30769109725952,0.0,False,0.0,0,REJECTING,False,0.0,0.0,full,2.4274456882372464,0.44999999999999996,1.954102530352116,0.023343157885130594,True,True,True,0.0,0.0,0.5,3.0,0.15,SELP automaton accepts: no constraint violation,True,
7a309715131b,20260120_223437,2026-01-21T00:43:21.435222,2026-01-21T00:44:01.641338,selp_proper,S6,extreme,0.15,7,1.0,-0.45,0.0,allow,reject,False,False,0,0,0.04999999999999999,,False,False,0,0.0,40205.85131645203,40.20585894584656,0.0,False,0.0,0,REJECTING,False,0.0,0.0,full,2.4274456882372464,0.44999999999999996,1.954102530352116,0.023343157885130594,True,True,True,0.0,0.0,0.5,3.0,0.15,SELP automaton accepts: no constraint violation,True,
d95c1e05c302,20260120_223437,2026-01-21T00:44:01.656557,2026-01-21T00:44:40.850957,selp_proper,S7,low,0.15,7,1.0,0.9,0.0,allow,allow,True,False,0,0,0.7663798406204814,,False,False,0,0.0,39194.10014152527,39.19411039352417,0.0,False,0.0,0,REJECTING,False,0.0,0.0,full,2.4274456882372464,0.44999999999999996,1.954102530352116,0.023343157885130594,True,True,True,0.0,0.0,0.5,3.0,0.15,SELP automaton accepts: no constraint violation,True,
9ce5d22d5a60,20260120_223437,2026-01-21T00:44:40.851347,2026-01-21T00:45:29.770872,selp_proper,S4,low,0.15,11,1.0,0.1,0.0,allow,allow,True,False,0,0,0.6,,False,False,0,0.0,48919.29626464844,48.919302225112915,0.0,False,0.0,0,REJECTING,False,0.0,0.0,full,2.4274456882372464,0.44999999999999996,1.954102530352116,0.023343157885130594,True,True,True,0.0,0.0,0.5,3.0,0.15,SELP automaton accepts: no constraint violation,True,
bb721aeed241,20260120_223437,2026-01-21T00:45:29.771393,2026-01-21T00:46:08.970330,selp_proper,S1,high,0.15,8,1.0,1.4,0.0,allow,reject,False,False,0,0,0.10000000000000009,,False,False,0,0.0,39198.69065284729,39.19869804382324,0.0,False,0.0,0,REJECTING,False,0.0,0.0,full,2.4274456882372464,0.44999999999999996,1.954102530352116,0.023343157885130594,True,True,True,0.0,0.0,0.5,3.0,0.15,SELP automaton accepts: no constraint violation,True,
be4ed16e0140,20260120_223437,2026-01-21T00:46:08.970727,2026-01-21T00:46:47.500329,selp_proper,S1,medium,0.15,6,1.0,1.15,0.0,allow,reject,False,False,0,0,0.3500000000000001,,False,False,0,0.0,38529.361724853516,38.52936935424805,0.0,False,0.0,0,REJECTING,False,0.0,0.0,full,2.4274456882372464,0.44999999999999996,1.954102530352116,0.023343157885130594,True,True,True,0.0,0.0,0.5,3.0,0.15,SELP automaton accepts: no constraint violation,True,
a7e789192f0e,20260120_223437,2026-01-21T00:46:47.500713,2026-01-21T00:48:11.727296,selp_proper,S2,extreme,0.15,11,1.0,2.0,0.0,allow,reject,False,False,0,0,0.09999999999999987,,False,False,0,0.0,84226.31072998047,84.22631788253784,0.0,True,0.0,0,REJECTING,False,0.0,0.0,full,2.4274456882372464,0.44999999999999996,1.954102530352116,0.023343157885130594,True,True,True,0.0,0.0,0.5,3.0,0.15,SELP automaton accepts: no constraint violation,True,
d07b39235fc2,20260120_223437,2026-01-21T00:48:11.786527,2026-01-21T00:48:50.981665,selp_proper,S3,high,0.15,4,1.6,0.4,0.0,allow,allow,True,False,0,0,0.09999999999999987,,False,False,0,0.0,39194.719314575195,39.194727659225464,0.0,False,0.0,0,REJECTING,False,0.0,0.0,full,2.4274456882372464,0.44999999999999996,1.954102530352116,0.023343157885130594,True,True,True,0.0,0.0,0.5,3.0,0.15,SELP automaton accepts: no constraint violation,True,
71dff0da9f23,20260120_223437,2026-01-21T00:48:50.982075,2026-01-21T00:49:30.192052,selp_proper,S3,extreme,0.15,11,0.4,1.4,0.0,allow,allow,True,False,0,0,0.14142135623730953,,False,False,0,0.0,39209.72275733948,39.20973062515259,0.0,False,0.0,0,REJECTING,False,0.0,0.0,full,2.4274456882372464,0.44999999999999996,1.954102530352116,0.023343157885130594,True,True,True,0.0,0.0,0.5,3.0,0.15,SELP automaton accepts: no constraint violation,True,
aa88b75e77bb,20260120_223437,2026-01-21T00:49:30.192445,2026-01-21T00:50:15.095966,selp_proper,S4,extreme,0.15,18,1.0,-0.45,0.0,allow,reject,False,False,0,0,0.04999999999999999,,False,False,0,0.0,44903.28335762024,44.903290033340454,0.0,False,0.0,0,REJECTING,False,0.0,0.0,full,2.4274456882372464,0.44999999999999996,1.954102530352116,0.023343157885130594,True,True,True,0.0,0.0,0.5,3.0,0.15,SELP automaton accepts: no constraint violation,True,
a34125e91de5,20260120_223437,2026-01-21T00:50:15.096415,2026-01-21T00:51:03.232524,selp_proper,S4,low,0.15,1,1.0,0.1,0.0,allow,allow,True,False,0,0,0.6,,False,False,0,0.0,48135.85901260376,48.13586497306824,0.0,False,0.0,0,REJECTING,False,0.0,0.0,full,2.4274456882372464,0.44999999999999996,1.954102530352116,0.023343157885130594,True,True,True,0.0,0.0,0.5,3.0,0.15,SELP automaton accepts: no constraint violation,True,
41e0cf36b534,20260120_223437,2026-01-21T00:51:03.233018,2026-01-21T00:51:57.453362,selp_proper,S2,low,0.15,16,1.0,0.9,0.0,allow,allow,True,False,0,0,0.5,,False,False,0,0.0,54220.085859298706,54.22009325027466,0.0,True,0.0,0,REJECTING,False,0.0,0.0,full,2.4274456882372464,0.44999999999999996,1.954102530352116,0.023343157885130594,True,True,True,0.0,0.0,0.5,3.0,0.15,SELP automaton accepts: no constraint violation,True,
0b0c30b4fff2,20260120_223437,2026-01-21T00:51:57.469137,2026-01-21T00:52:36.673437,selp_proper,S7,high,0.15,8,1.0,1.4,0.0,allow,reject,False,False,0,0,0.7663798406204814,,False,False,0,0.0,39204.01453971863,39.20402121543884,0.0,False,0.0,0,REJECTING,False,0.0,0.0,full,2.4274456882372464,0.44999999999999996,1.954102530352116,0.023343157885130594,True,True,True,0.0,0.0,0.5,3.0,0.15,SELP automaton accepts: no constraint violation,True,
